relative_path,size_bytes,sha256
.gitignore,88,07beb955e462ee3506a139689eef2911d9bbec4a597b631f9e5dbb1e74742166
README.md,3901,df5d80d0c3ae676c183069bbe9705d4a723d5101817eb6117a8e7c8c9cdebdae
data/README.md,1291,48e021fba1c92df0069d8346e32dfccc75ca88baf05faace664769c4266c8991
data/development_dataset.csv,9957959,ce4c7957f2879f8e1adefd2328b7e59a6ef16d4f00e01b111c2dd94a82fccd9d
data/development_dataset.xlsx,9719264,2e4c8eb07c2eadd09db57499996fe52e9d6b4bc12a568c1aa4c24a33b15cea03
data/holdout_dataset.csv,917052,b21d58f2d1789919dba8d2e2029cefd02632064af449d55109980f559a2720de
data/holdout_dataset.xlsx,933104,b50d70dbd431a9dbe06548d6861dc9ea5d5d8b768341efba6f2a9212b6cd802a
data/prospective_challenge_dataset.csv,97015,5ca35277c3cb1c8c47796c3ddd0b100b170b8bedf4636f449d878446e9a16312
data/prospective_challenge_dataset.xlsx,79454,cf78ee1a4344949cac0b3ba1d5ed2a7af337916f39a7cfe5400d7e8b687f737a
notebooks/README.md,795,990ec9e945331956029bc2a9626f17f7731721eacb798c30fe406775d24e9378
outputs/README.md,783,fb7b49a3ecac5ea343ffe94b4124a566e04e67a5ca3cd1a357ddb4d12665cdf7
outputs/models/bme280_input/checkpoints/best_bme280_input_lstm.keras,683524,196bc4f5a3a525361abd5e5441c1b8fffe10a677e301f2280e90232dff9fbbc7
outputs/models/bme280_input/checkpoints/first_order_thermal.joblib,243,b29367fc9ecf213a09ca3e91299c2118584c45b6c2154354ac41391fd152ed75
outputs/models/bme280_input/checkpoints/instantaneous_affine.joblib,54,c88034296e1a21cd08b20208551878dbf31f1a58a0e821b905873b7f53251110
outputs/models/bme280_input/checkpoints/ridge_temporal.joblib,2068,9a3918be142aca88c9b436d6b34570bfb26484ff6e1fe5148a36a8dde32eed98
outputs/models/bme280_input/scalers/scaler_X.joblib,615,a444efbeb7b69ba6bb4944b3b6a01977322db00307542b7cc035fb284e28ee41
outputs/models/bme280_input/scalers/scaler_y_p1.joblib,591,8547ba52005089b7a110fbed0c94ad1d6f9d037b7f1c857586d7503e075037f8
outputs/models/bme280_input/training/lstm_training_history.csv,2957,3bc83e7add06144708ed43046bd3f8d7a293483ef0dd388d0593fea3c96a263d
outputs/models/refrigerator_ble_input/checkpoints/best_refrigerator_ble_input_lstm.keras,694123,0d6c94ec96d5f9c1fa03560845e2ba6cb4083922331c927219ecbf6f1f170e92
outputs/models/refrigerator_ble_input/checkpoints/first_order_thermal.joblib,243,d08125da03992bc68a54fdfa05f6d45680f913172b7f41c78417fa999de005f2
outputs/models/refrigerator_ble_input/checkpoints/instantaneous_affine.joblib,54,004b713714c7aa01990a427a868c75653fe21e6c25e7b98a971251e670bef9a6
outputs/models/refrigerator_ble_input/checkpoints/ridge_temporal.joblib,4468,7e37a0c466d17ff94781f08a991f1eb10c08d3cde9f0debd5e980a8d2d5302fb
outputs/models/refrigerator_ble_input/scalers/scaler_X.joblib,631,06954de5cebedeb1033fb8b52978255a6b8ea782b05e5f7e7e58f35c667cf816
outputs/models/refrigerator_ble_input/scalers/scaler_y_p1.joblib,591,8547ba52005089b7a110fbed0c94ad1d6f9d037b7f1c857586d7503e075037f8
outputs/models/refrigerator_ble_input/training/lstm_training_history.csv,2605,c60b8b1e5a9f75783c0a49b8f9ecf7504fced935535f0074c35b377bc1211f14
outputs/publication/figures/manuscript/figure_4_holdout_temperature_tracking.pdf,298809,2e9a4ecdc8053b6d0e6d3517337ca0a4921ad4393633790b09c70209b25fd9fd
outputs/publication/figures/manuscript/figure_4_holdout_temperature_tracking.png,914927,aae45ff6b7cc7727954d326aa04d98d67c599b3fde3eda349299a7d346635c9f
outputs/publication/figures/manuscript/figure_4_holdout_temperature_tracking_preview.png,212564,587bbb486c3918bf33ebeb472d4d7c578ffcd93e945c8849a85ace3342f3e185
outputs/publication/figures/manuscript/figure_5_prospective_challenge_temperature_tracking.pdf,94843,f13228f3b56f5264cd1e6d98f6710bf4a431e5a27353360a4da1e16d0afe089e
outputs/publication/figures/manuscript/figure_5_prospective_challenge_temperature_tracking.png,863062,f9c7fbede39ba8338b99b7b6b1bce871852572b75d09374f4f9c6452d6d5d3a6
outputs/publication/figures/manuscript/figure_5_prospective_challenge_temperature_tracking_preview.png,212053,207459e7a22eb523f334240878cf8cfdcc3b6b8e5360d5595ab668384e609c8a
outputs/publication/figures/supplementary/figure_s4a_ble_reference_estimator_comparison.pdf,43723,e4cf87843528d0bb6981dc13bf20907aa4e7d79216ecafc9aa1e0ac26ca926f5
outputs/publication/figures/supplementary/figure_s4a_ble_reference_estimator_comparison.png,339474,5480061791a0b066f080616a87f0ceb2e3315d4480c36652fd6bc5e5e436cf01
outputs/publication/figures/supplementary/figure_s4b_bme280_reference_estimator_comparison.pdf,43885,916e855a4857f04f312da81c4b07a9bc9f3cffa021b82efbfc6d85a620881dff
outputs/publication/figures/supplementary/figure_s4b_bme280_reference_estimator_comparison.png,330124,18c6438a607f44e33602668ad2dc08ced12f8ea4fa2000afcb5740ee9e3d1c9e
outputs/publication/figures/supplementary/supplementary_figure_manifest.csv,411,01f051b95ff20b4f801ee972da403a9517f120c9a0b47234b9b65212bc3c4ea3
outputs/publication/predictions/holdout_ble_predictions.csv,2043686,221271ad1e348669e100c2f72d6cb5c70e5021cf883ecf7c9c30dd87d4d17866
outputs/publication/predictions/holdout_ble_predictions.xlsx,1021754,dbf83621ffb1efb5cdb9d85c7b82408405e83a58d39b94df1554dc075cd18387
outputs/publication/predictions/holdout_bme280_predictions.csv,2134583,39ec1a3fe6c99f5a791df09d7af8350e8e8b86555308dda6d17519ff6b13e47f
outputs/publication/predictions/holdout_bme280_predictions.xlsx,1072842,df9f51fdd568f3bc6d695378c8e82efcb6ee709620604d4748742dce01dfaeb2
outputs/publication/predictions/prospective_ble_predictions.csv,224119,656fef6ff0ecce2f2400cdc113fb4947182082d962411074e8c1d57f0d5a5f1f
outputs/publication/predictions/prospective_ble_predictions.xlsx,110480,63f85149019972afa443cb508ee3a926ca4f91302776cd2fa8cd736f4ee1bd44
outputs/publication/predictions/prospective_bme280_predictions.csv,237180,9985702936cf871655bfb4ec2cd0ed7b6cb38558040622877c735ef5120e5153
outputs/publication/predictions/prospective_bme280_predictions.xlsx,116368,816218e5774bcf5bb1ab092ab4f71dca61657d6725bf9e23a0c0bc2c42cf50a1
outputs/publication/tables/figure_s4_source_data.csv,5126,51e3e6905c63c8986ce7b01f3417eaa62c356b65fbab831df17edcf1ee1e93be
outputs/publication/tables/prospective_event_times.csv,641,757ddb642eeb4048f104bebc1c7579992595d6abada93d7fd0808e33193fb4c4
outputs/publication/tables/table_1_dataset_composition.csv,583,1b779dd89aa20232611f0275d5122e4e572cfac02e1cca06daa6053cbc0b0f5d
outputs/publication/tables/table_2_evaluation_pointwise_performance.csv,701,839a939cde9fe62ceb56feeb184fae43f3b414847cbe67e704eda08d250d8057
outputs/publication/tables/table_3_evaluation_excursion_performance.csv,1420,0727284dd5ed2395718a60bc3d1711124bf72146854de0d4f50189aca1a20be6
outputs/publication/tables/table_4_temperature_rate_performance.csv,1078,2115956de5f96c8416ad797c84ccb98b35604724e1666d050d229f36783e0986
outputs/publication/tables/table_s2a_temperature_control_protocols.csv,1025,16e80c22f0cda8fd095fb6a72e0457c5b8c7c7a0e14741d1c30cf0132ce98aa2
outputs/publication/tables/table_s2b_prospective_operational_challenge_timeline.csv,652,3f55cad613696cb8712789099c267b3d11e27813bc531efaa486ac2785a59a13
outputs/publication/tables/table_s3_lstm_features_and_implementation_settings.csv,1874,8be9135307d997f3f002e49d8d7baf2cf8444a4c924500980493c09a44080fd6
outputs/publication/tables/virtual_buffering_tables.xlsx,15854,1f66ba3d131e56e89b88329cfc1fa939ab898923ec416ce7f9c4ba307773ff20
requirements.txt,246,3b60250ff6560fa5a10f65d15b9f148036f16be6cf481a714eaee2aedeb670e1
scripts/refresh_manifest.py,1293,ac339a406b1d0cac56fb02d18ddf2faeee227469b8e97bf11ae4a579fbd00cea
scripts/sanitize_notebook_outputs.py,2025,9ccc6602d30d521ca7a7a9b5792d8df70a788819841972a03b857210c7fcb2c7
