Time_stamp,P1,CEN_C,fridge_current_C,fridge_set_C
2026-09-01 11:41:09,7.8,8.67,8,5
2026-09-01 11:42:09,7.85,8.7,8,5
2026-09-01 11:43:09,7.91,8.75,8,5
2026-09-01 11:44:09,7.97,8.79,8,5
2026-09-01 11:45:09,8.01,8.77,8,5
2026-09-01 11:46:09,8.05,8.75,8,5
2026-09-01 11:47:09,8.08,8.67,8,5
2026-09-01 11:48:09,8.11,8.55,8,5
2026-09-01 11:49:09,8.12,8.4,8,5
2026-09-01 11:50:09,8.12,8.22,8,5
2026-09-01 11:51:09,8.1,8.03,8,5
2026-09-01 11:52:09,8.08,7.79,8,5
2026-09-01 11:53:09,8.04,7.5,8,5
2026-09-01 11:54:09,8.0,7.19,8,5
2026-09-01 11:55:09,7.94,6.89,8,5
2026-09-01 11:56:09,7.88,6.6,8,5
2026-09-01 11:57:09,7.81,6.31,8,5
2026-09-01 11:58:09,7.73,6.07,8,5
2026-09-01 11:59:09,7.65,5.82,8,5
2026-09-01 12:00:09,7.56,5.52,7,5
2026-09-01 12:01:09,7.47,5.25,7,5
2026-09-01 12:02:09,7.37,4.97,7,5
2026-09-01 12:03:09,7.28,4.72,6,5
2026-09-01 12:04:09,7.18,4.5,6,5
2026-09-01 12:05:09,7.08,4.29,5,5
2026-09-01 12:06:09,6.98,4.12,5,5
2026-09-01 12:07:09,6.88,4.01,4,5
2026-09-01 12:08:09,6.79,3.98,3,5
2026-09-01 12:09:09,6.7,3.97,3,5
2026-09-01 12:10:09,6.61,4.01,3,5
2026-09-01 12:11:09,6.54,4.07,3,5
2026-09-01 12:12:09,6.47,4.16,3,5
2026-09-01 12:13:09,6.4,4.23,3,5
2026-09-01 12:14:09,6.34,4.29,3,5
2026-09-01 12:15:09,6.29,4.37,3,5
2026-09-01 12:16:09,6.25,4.45,3,5
2026-09-01 12:17:09,6.21,4.69,4,5
2026-09-01 12:18:09,6.18,4.74,4,5
2026-09-01 12:19:09,6.16,4.82,4,5
2026-09-01 12:20:09,6.13,4.88,4,5
2026-09-01 12:21:09,6.12,4.93,5,5
2026-09-01 12:22:09,6.1,4.98,5,5
2026-09-01 12:23:09,6.09,5.02,5,5
2026-09-01 12:24:09,6.07,5.06,5,5
2026-09-01 12:25:09,6.07,5.11,5,5
2026-09-01 12:26:09,6.06,5.14,5,5
2026-09-01 12:27:09,6.05,5.19,6,5
2026-09-01 12:28:09,6.05,5.22,6,5
2026-09-01 12:29:09,6.05,5.25,6,5
2026-09-01 12:30:09,6.05,5.29,6,5
2026-09-01 12:31:09,6.05,5.33,6,5
2026-09-01 12:32:09,6.05,5.37,6,5
2026-09-01 12:33:09,6.05,5.41,6,5
2026-09-01 12:34:09,6.06,5.45,6,5
2026-09-01 12:35:09,6.06,5.5,6,5
2026-09-01 12:36:09,6.07,5.56,7,5
2026-09-01 12:37:09,6.08,5.59,7,5
2026-09-01 12:38:09,6.09,5.56,7,5
2026-09-01 12:39:09,6.1,5.54,7,5
2026-09-01 12:40:09,6.11,5.48,6,5
2026-09-01 12:41:09,6.11,5.43,6,5
2026-09-01 12:42:09,6.11,5.34,6,5
2026-09-01 12:43:09,6.11,5.22,6,5
2026-09-01 12:44:09,6.1,5.04,6,5
2026-09-01 12:45:09,6.08,4.85,6,5
2026-09-01 12:46:09,6.06,4.64,6,5
2026-09-01 12:47:09,6.03,4.43,6,5
2026-09-01 12:48:09,5.99,4.23,6,5
2026-09-01 12:49:09,5.96,4.02,6,5
2026-09-01 12:50:09,5.91,3.83,6,5
2026-09-01 12:51:09,5.86,3.64,5,5
2026-09-01 12:52:09,5.82,3.52,5,5
2026-09-01 12:53:09,5.76,3.45,4,5
2026-09-01 12:54:09,5.71,3.42,3,5
2026-09-01 12:55:09,5.66,3.45,3,5
2026-09-01 12:56:09,5.61,3.49,3,5
2026-09-01 12:57:09,5.56,3.54,3,5
2026-09-01 12:58:09,5.51,3.6,3,5
2026-09-01 12:59:09,5.47,3.68,3,5
2026-09-01 13:00:09,5.43,3.77,3,5
2026-09-01 13:01:09,5.39,3.85,3,5
2026-09-01 13:02:09,5.36,3.91,3,5
2026-09-01 13:03:09,5.33,3.98,4,5
2026-09-01 13:04:09,5.31,4.03,4,5
2026-09-01 13:05:09,5.29,4.11,4,5
2026-09-01 13:06:09,5.27,4.17,4,5
2026-09-01 13:07:09,5.26,4.23,4,5
2026-09-01 13:08:09,5.25,4.28,5,5
2026-09-01 13:09:09,5.25,4.33,5,5
2026-09-01 13:10:09,5.25,4.38,5,5
2026-09-01 13:11:09,5.25,4.43,5,5
2026-09-01 13:12:09,5.25,4.49,5,5
2026-09-01 13:13:09,5.25,4.52,5,5
2026-09-01 13:14:09,5.26,4.58,5,5
2026-09-01 13:15:09,5.27,4.63,6,5
2026-09-01 13:16:09,5.27,4.66,6,5
2026-09-01 13:17:09,5.28,4.72,6,5
2026-09-01 13:18:09,5.29,4.79,6,5
2026-09-01 13:19:09,5.31,4.83,6,5
2026-09-01 13:20:09,5.32,4.9,6,5
2026-09-01 13:21:09,5.33,4.93,6,5
2026-09-01 13:22:09,5.35,4.99,6,5
2026-09-01 13:23:09,5.37,5.03,6,5
2026-09-01 13:24:09,5.39,5.09,6,5
2026-09-01 13:25:09,5.41,5.14,6,5
2026-09-01 13:26:09,5.43,5.2,7,5
2026-09-01 13:27:09,5.45,5.21,7,5
2026-09-01 13:28:09,5.48,5.22,7,5
2026-09-01 13:29:09,5.5,5.19,7,5
2026-09-01 13:30:09,5.52,5.12,6,5
2026-09-01 13:31:09,5.54,5.07,6,5
2026-09-01 13:32:09,5.55,4.97,6,5
2026-09-01 13:33:09,5.55,4.84,6,5
2026-09-01 13:34:09,5.55,4.66,6,5
2026-09-01 13:35:09,5.53,4.48,6,5
2026-09-01 13:36:09,5.51,4.27,6,5
2026-09-01 13:37:09,5.48,4.08,6,5
2026-09-01 13:38:09,5.45,3.89,6,5
2026-09-01 13:39:09,5.41,3.7,6,5
2026-09-01 13:40:09,5.37,3.5,5,5
2026-09-01 13:41:09,5.33,3.32,5,5
2026-09-01 13:42:09,5.29,3.19,5,5
2026-09-01 13:43:09,5.25,3.14,4,5
2026-09-01 13:44:09,5.21,3.13,3,5
2026-09-01 13:45:09,5.17,3.15,3,5
2026-09-01 13:46:09,5.13,3.2,3,5
2026-09-01 13:47:09,5.09,3.25,3,5
2026-09-01 13:48:09,5.05,3.34,3,5
2026-09-01 13:49:09,5.02,3.4,3,5
2026-09-01 13:50:09,4.98,3.5,3,5
2026-09-01 13:51:09,4.95,3.57,3,5
2026-09-01 13:52:09,4.93,3.64,3,5
2026-09-01 13:53:09,4.91,3.72,3,5
2026-09-01 13:54:09,4.89,3.79,4,5
2026-09-01 13:55:09,4.88,3.84,4,5
2026-09-01 13:56:09,4.87,3.91,4,5
2026-09-01 13:57:09,4.87,3.95,4,5
2026-09-01 13:58:09,4.87,4.01,4,5
2026-09-01 13:59:09,4.87,4.08,5,5
2026-09-01 14:00:09,4.87,4.13,5,5
2026-09-01 14:01:09,4.88,4.18,5,5
2026-09-01 14:02:09,4.88,4.23,5,5
2026-09-01 14:03:09,4.89,4.27,5,5
2026-09-01 14:04:09,4.9,4.32,5,5
2026-09-01 14:05:09,4.91,4.38,5,5
2026-09-01 14:06:09,4.93,4.43,6,5
2026-09-01 14:07:09,4.94,4.47,6,5
2026-09-01 14:08:09,4.95,4.52,6,5
2026-09-01 14:09:09,4.97,4.57,6,5
2026-09-01 14:10:09,5.0,4.64,6,5
2026-09-01 14:11:09,5.02,4.69,6,5
2026-09-01 14:12:09,5.04,4.73,6,5
2026-09-01 14:13:09,5.06,4.8,6,5
2026-09-01 14:14:09,5.08,5.19,6,5
2026-09-01 14:15:09,5.12,5.36,6,5
2026-09-01 14:16:09,5.18,5.55,6,5
2026-09-01 14:17:09,5.24,5.77,6,5
2026-09-01 14:18:09,5.32,5.98,6,5
2026-09-01 14:19:09,5.4,6.18,7,5
2026-09-01 14:20:09,5.49,6.35,7,5
2026-09-01 14:21:09,5.57,6.53,7,5
2026-09-01 14:22:09,5.67,6.66,7,5
2026-09-01 14:23:09,5.75,6.73,7,5
2026-09-01 14:24:09,5.84,6.76,7,5
2026-09-01 14:25:09,5.92,6.77,7,5
2026-09-01 14:26:09,5.98,6.74,7,5
2026-09-01 14:27:09,6.04,6.65,7,5
2026-09-01 14:28:09,6.09,6.56,7,5
2026-09-01 14:29:09,6.12,6.46,7,5
2026-09-01 14:30:09,6.15,6.33,7,5
2026-09-01 14:31:09,6.17,6.2,7,5
2026-09-01 14:32:09,6.19,6.14,6,5
2026-09-01 14:33:09,6.19,6.15,6,5
2026-09-01 14:34:09,6.2,6.16,6,5
2026-09-01 14:35:09,6.21,6.16,6,5
2026-09-01 14:36:09,6.22,6.17,5,5
2026-09-01 14:37:09,6.22,6.23,5,5
2026-09-01 14:38:09,6.24,6.18,5,5
2026-09-01 14:39:09,6.26,6.18,4,5
2026-09-01 14:40:09,6.27,6.22,4,5
2026-09-01 14:41:09,6.29,6.25,4,5
2026-09-01 14:42:09,6.31,6.27,4,5
2026-09-01 14:43:09,6.33,6.28,4,5
2026-09-01 14:44:09,6.35,6.27,4,5
2026-09-01 14:45:09,6.37,6.26,4,5
2026-09-01 14:46:09,6.39,6.25,4,5
2026-09-01 14:47:09,6.4,6.23,4,5
2026-09-01 14:48:09,6.42,6.22,5,5
2026-09-01 14:49:09,6.43,6.2,5,5
2026-09-01 14:50:09,6.44,6.17,5,5
2026-09-01 14:51:09,6.46,6.15,5,5
2026-09-01 14:52:09,6.47,6.16,5,5
2026-09-01 14:53:09,6.48,6.15,5,5
2026-09-01 14:54:09,6.49,6.16,6,5
2026-09-01 14:55:09,6.5,6.18,6,5
2026-09-01 14:56:09,6.51,6.22,6,5
2026-09-01 14:57:09,6.52,6.25,6,5
2026-09-01 14:58:09,6.53,6.27,6,5
2026-09-01 14:59:09,6.54,6.3,6,5
2026-09-01 15:00:09,6.55,6.33,6,5
2026-09-01 15:01:09,6.56,6.35,6,5
2026-09-01 15:02:09,6.57,6.37,6,5
2026-09-01 15:03:09,6.59,6.37,7,5
2026-09-01 15:04:09,6.6,6.37,7,5
2026-09-01 15:05:09,6.62,6.3,7,5
2026-09-01 15:06:09,6.63,6.2,7,5
2026-09-01 15:07:09,6.63,6.09,7,5
2026-09-01 15:08:10,6.63,5.97,7,5
2026-09-01 15:09:09,6.62,5.78,7,5
2026-09-01 15:10:09,6.6,5.57,7,5
2026-09-01 15:11:09,6.57,5.36,7,5
2026-09-01 15:12:09,6.54,5.12,7,5
2026-09-01 15:13:09,6.5,4.92,6,5
2026-09-01 15:14:09,6.45,4.68,6,5
2026-09-01 15:15:09,6.4,4.47,6,5
2026-09-01 15:16:09,6.35,4.25,6,5
2026-09-01 15:17:09,6.3,4.02,6,5
2026-09-01 15:18:10,6.25,3.8,5,5
2026-09-01 15:19:09,6.19,3.66,5,5
2026-09-01 15:20:10,6.13,3.57,4,5
2026-09-01 15:21:09,6.06,3.52,4,5
2026-09-01 15:22:09,6.0,3.53,3,5
2026-09-01 15:23:09,5.94,3.55,3,5
2026-09-01 15:24:10,5.88,3.59,3,5
2026-09-01 15:25:09,5.82,3.67,3,5
2026-09-01 15:26:09,5.77,3.74,3,5
2026-09-01 15:27:10,5.72,3.79,3,5
2026-09-01 15:28:10,5.67,3.86,3,5
2026-09-01 15:29:10,5.63,3.91,3,5
2026-09-01 15:30:10,5.59,3.97,4,5
2026-09-01 15:31:10,5.56,4.01,4,5
2026-09-01 15:32:10,5.53,4.07,4,5
2026-09-01 15:33:10,5.5,4.11,4,5
2026-09-01 15:34:10,5.48,4.18,4,5
2026-09-01 15:35:10,5.46,4.23,5,5
2026-09-01 15:36:10,5.44,4.27,5,5
2026-09-01 15:37:10,5.43,4.32,5,5
2026-09-01 15:38:10,5.42,4.36,5,5
2026-09-01 15:39:10,5.41,4.42,5,5
2026-09-01 15:40:10,5.4,4.47,5,5
2026-09-01 15:41:10,5.4,4.51,6,5
2026-09-01 15:42:10,5.39,4.57,6,5
2026-09-01 15:43:10,5.39,4.62,6,5
2026-09-01 15:44:10,5.39,4.67,6,5
2026-09-01 15:45:10,5.39,4.71,6,5
2026-09-01 15:46:10,5.4,4.76,6,5
2026-09-01 15:47:10,5.4,4.83,6,5
2026-09-01 15:48:10,5.41,4.89,6,5
2026-09-01 15:49:10,5.42,4.93,6,5
2026-09-01 15:50:10,5.43,4.97,6,5
2026-09-01 15:51:10,5.45,5.02,6,5
2026-09-01 15:52:10,5.46,5.06,6,5
2026-09-01 15:53:10,5.48,5.1,7,5
2026-09-01 15:54:10,5.5,5.17,7,5
2026-09-01 15:55:10,5.52,5.21,7,5
2026-09-01 15:56:10,5.54,5.26,7,5
2026-09-01 15:57:10,5.56,5.33,7,5
2026-09-01 15:58:10,5.58,5.37,7,5
2026-09-01 15:59:10,5.61,5.45,7,5
2026-09-01 16:00:10,5.64,5.52,7,5
2026-09-01 16:01:10,5.66,5.57,7,5
2026-09-01 16:02:10,5.7,5.63,7,5
2026-09-01 16:03:10,5.73,5.7,7,5
2026-09-01 16:04:10,5.76,5.76,7,5
2026-09-01 16:05:10,5.8,5.83,7,5
2026-09-01 16:06:10,5.83,5.89,7,5
2026-09-01 16:07:10,5.87,5.96,7,5
2026-09-01 16:08:10,5.91,6.02,7,5
2026-09-01 16:09:10,5.95,6.08,7,5
2026-09-01 16:10:10,5.99,6.15,7,5
2026-09-01 16:11:10,6.04,6.23,7,5
2026-09-01 16:12:10,6.08,6.31,7,5
2026-09-01 16:13:10,6.12,6.37,7,5
2026-09-01 16:14:10,6.17,6.43,7,5
2026-09-01 16:15:10,6.21,6.51,7,5
2026-09-01 16:16:10,6.26,6.56,7,5
2026-09-01 16:17:10,6.3,6.64,7,5
2026-09-01 16:18:10,6.35,6.7,7,5
2026-09-01 16:19:10,6.39,6.75,7,5
2026-09-01 16:20:10,6.44,6.82,8,5
2026-09-01 16:21:10,6.49,6.88,8,5
2026-09-01 16:22:10,6.53,6.95,8,5
2026-09-01 16:23:10,6.58,7.01,8,5
2026-09-01 16:24:10,6.63,7.07,8,5
2026-09-01 16:25:10,6.67,7.13,8,5
2026-09-01 16:26:10,6.72,7.18,8,5
2026-09-01 16:27:10,6.77,7.24,8,5
2026-09-01 16:28:10,6.81,7.32,8,5
2026-09-01 16:29:10,6.86,7.37,8,5
2026-09-01 16:30:10,6.9,7.43,8,5
2026-09-01 16:31:10,6.95,7.48,8,5
2026-09-01 16:32:10,7.0,7.54,8,5
2026-09-01 16:33:10,7.04,7.58,8,5
2026-09-01 16:34:10,7.09,7.66,8,5
2026-09-01 16:35:10,7.14,7.71,8,5
2026-09-01 16:36:10,7.18,7.77,8,5
2026-09-01 16:37:10,7.23,7.83,8,5
2026-09-01 16:38:10,7.27,7.87,8,5
2026-09-01 16:39:10,7.32,7.92,8,5
2026-09-01 16:40:10,7.37,7.99,8,5
2026-09-01 16:41:10,7.41,8.03,8,5
2026-09-01 16:42:10,7.46,8.07,8,5
2026-09-01 16:43:10,7.5,8.14,8,5
2026-09-01 16:44:10,7.55,8.19,8,5
2026-09-01 16:45:10,7.59,8.24,8,5
2026-09-01 16:46:10,7.64,8.29,8,5
2026-09-01 16:47:10,7.68,8.32,8,5
2026-09-01 16:48:10,7.73,8.36,8,5
2026-09-01 16:49:10,7.77,8.42,8,5
2026-09-01 16:50:10,7.81,8.48,8,5
2026-09-01 16:51:10,7.86,8.52,8,5
2026-09-01 16:52:10,7.9,8.57,8,5
2026-09-01 16:53:10,7.94,8.61,8,5
2026-09-01 16:54:10,7.99,8.66,8,5
2026-09-01 16:55:10,8.03,8.7,8,5
2026-09-01 16:56:10,8.07,8.75,8,5
2026-09-01 16:57:10,8.11,8.8,8,5
2026-09-01 16:58:10,8.15,8.82,8,5
2026-09-01 16:59:10,8.19,8.87,8,5
2026-09-01 17:00:10,8.24,8.91,8,5
2026-09-01 17:01:10,8.28,8.95,8,5
2026-09-01 17:02:10,8.32,8.99,8,5
2026-09-01 17:03:10,8.36,9.02,8,5
2026-09-01 17:04:10,8.4,9.07,8,5
2026-09-01 17:05:10,8.44,9.11,8,5
2026-09-01 17:06:10,8.47,9.15,8,5
2026-09-01 17:07:10,8.51,9.18,9,5
2026-09-01 17:08:10,8.55,9.22,9,5
2026-09-01 17:09:10,8.59,9.26,9,5
2026-09-01 17:10:10,8.63,9.29,9,5
2026-09-01 17:11:10,8.66,9.33,9,5
2026-09-01 17:12:10,8.7,9.36,9,5
2026-09-01 17:13:10,8.74,9.39,9,5
2026-09-01 17:14:10,8.78,9.42,9,5
2026-09-01 17:15:10,8.81,9.48,9,5
2026-09-01 17:16:10,8.85,9.5,9,5
2026-09-01 17:17:10,8.89,9.54,9,5
2026-09-01 17:18:10,8.92,9.57,9,5
2026-09-01 17:19:10,8.96,9.6,9,5
2026-09-01 17:20:10,8.99,9.63,9,5
2026-09-01 17:21:10,9.03,9.67,9,5
2026-09-01 17:22:10,9.06,9.71,9,5
2026-09-01 17:23:10,9.1,9.74,9,5
2026-09-01 17:24:10,9.13,9.76,9,5
2026-09-01 17:25:10,9.17,9.8,9,5
2026-09-01 17:26:10,9.2,9.84,9,5
2026-09-01 17:27:10,9.23,9.87,9,5
2026-09-01 17:28:10,9.27,9.9,9,5
2026-09-01 17:29:10,9.3,9.93,9,5
2026-09-01 17:30:10,9.33,9.97,9,5
2026-09-01 17:31:10,9.37,10.0,9,5
2026-09-01 17:32:10,9.4,10.03,9,5
2026-09-01 17:33:10,9.43,10.07,9,5
2026-09-01 17:34:10,9.46,10.08,9,5
2026-09-01 17:35:10,9.5,10.12,9,5
2026-09-01 17:36:10,9.53,10.15,9,5
2026-09-01 17:37:10,9.56,10.2,9,5
2026-09-01 17:38:10,9.59,10.22,9,5
2026-09-01 17:39:10,9.62,10.24,9,5
2026-09-01 17:40:10,9.65,10.28,9,5
2026-09-01 17:41:10,9.68,10.32,9,5
2026-09-01 17:42:10,9.72,10.34,9,5
2026-09-01 17:43:10,9.75,10.35,9,5
2026-09-01 17:44:10,9.78,10.39,9,5
2026-09-01 17:45:10,9.81,10.42,9,5
2026-09-01 17:46:10,9.84,10.45,9,5
2026-09-01 17:47:10,9.87,10.48,9,5
2026-09-01 17:48:10,9.9,10.51,9,5
2026-09-01 17:49:10,9.93,10.56,9,5
2026-09-01 17:50:10,9.96,10.57,9,5
2026-09-01 17:51:10,10.0,10.6,9,5
2026-09-01 17:52:10,10.02,10.63,9,5
2026-09-01 17:53:10,10.05,10.65,9,5
2026-09-01 17:54:10,10.08,10.67,10,5
2026-09-01 17:55:10,10.11,10.69,10,5
2026-09-01 17:56:10,10.14,10.73,10,5
2026-09-01 17:57:10,10.17,10.77,10,5
2026-09-01 17:58:10,10.2,10.78,10,5
2026-09-01 17:59:10,10.23,10.8,10,5
2026-09-01 18:00:10,10.25,10.83,10,5
2026-09-01 18:01:10,10.28,10.86,10,5
2026-09-01 18:02:10,10.31,10.9,10,5
2026-09-01 18:03:10,10.34,10.93,10,5
2026-09-01 18:04:10,10.36,10.95,10,5
2026-09-01 18:05:10,10.39,10.98,10,5
2026-09-01 18:06:10,10.42,11.0,10,5
2026-09-01 18:07:10,10.45,11.03,10,5
2026-09-01 18:08:10,10.47,11.06,10,5
2026-09-01 18:09:10,10.5,11.08,10,5
2026-09-01 18:10:10,10.53,11.12,10,5
2026-09-01 18:11:10,10.56,11.13,10,5
2026-09-01 18:12:10,10.58,11.16,10,5
2026-09-01 18:13:10,10.61,11.18,10,5
2026-09-01 18:14:10,10.64,11.21,10,5
2026-09-01 18:15:10,10.66,11.26,10,5
2026-09-01 18:16:10,10.69,11.27,10,5
2026-09-01 18:17:10,10.71,11.31,10,5
2026-09-01 18:18:10,10.74,11.33,10,5
2026-09-01 18:19:10,10.77,11.35,10,5
2026-09-01 18:20:10,10.79,11.39,10,5
2026-09-01 18:21:10,10.82,11.4,10,5
2026-09-01 18:22:10,10.84,11.43,10,5
2026-09-01 18:23:10,10.87,11.46,10,5
2026-09-01 18:24:10,10.9,11.47,10,5
2026-09-01 18:25:10,10.92,11.49,10,5
2026-09-01 18:26:10,10.95,11.53,10,5
2026-09-01 18:27:10,10.97,11.55,10,5
2026-09-01 18:28:10,11.0,11.57,10,5
2026-09-01 18:29:10,11.02,11.6,10,5
2026-09-01 18:30:10,11.05,11.63,10,5
2026-09-01 18:31:10,11.07,11.65,10,5
2026-09-01 18:32:10,11.1,11.68,10,5
2026-09-01 18:33:10,11.12,11.7,10,5
2026-09-01 18:34:10,11.15,11.72,10,5
2026-09-01 18:35:10,11.17,11.76,10,5
2026-09-01 18:36:10,11.2,11.78,10,5
2026-09-01 18:37:10,11.22,11.8,10,5
2026-09-01 18:38:10,11.25,11.84,10,5
2026-09-01 18:39:10,11.27,11.85,10,5
2026-09-01 18:40:10,11.3,11.87,10,5
2026-09-01 18:41:10,11.32,11.9,10,5
2026-09-01 18:42:10,11.35,11.92,11,5
2026-09-01 18:43:10,11.37,11.94,11,5
2026-09-01 18:44:10,11.4,11.96,11,5
2026-09-01 18:45:10,11.42,12.0,11,5
2026-09-01 18:46:10,11.44,12.02,11,5
2026-09-01 18:47:10,11.47,12.04,11,5
2026-09-01 18:48:10,11.49,12.06,11,5
2026-09-01 18:49:10,11.52,12.08,11,5
2026-09-01 18:50:10,11.54,12.12,11,5
2026-09-01 18:51:10,11.56,12.14,11,5
2026-09-01 18:52:10,11.59,12.16,11,5
2026-09-01 18:53:10,11.61,12.18,11,5
2026-09-01 18:54:10,11.63,12.21,11,5
2026-09-01 18:55:10,11.66,12.23,11,5
2026-09-01 18:56:10,11.68,12.26,11,5
2026-09-01 18:57:10,11.7,12.27,11,5
2026-09-01 18:58:10,11.73,12.3,11,5
2026-09-01 18:59:10,11.75,12.32,11,5
2026-09-01 19:00:10,11.77,12.34,11,5
2026-09-01 19:01:10,11.8,12.37,11,5
2026-09-01 19:02:10,11.82,12.4,11,5
2026-09-01 19:03:10,11.84,12.42,11,5
2026-09-01 19:04:10,11.87,12.44,11,5
2026-09-01 19:05:10,11.89,12.46,11,5
2026-09-01 19:06:10,11.91,12.48,11,5
2026-09-01 19:07:10,11.94,12.51,11,5
2026-09-01 19:08:10,11.96,12.53,11,5
2026-09-01 19:09:10,11.98,12.56,11,5
2026-09-01 19:10:10,12.01,12.58,11,5
2026-09-01 19:11:10,12.03,12.59,11,5
2026-09-01 19:12:10,12.05,12.63,11,5
2026-09-01 19:13:10,12.07,12.65,11,5
2026-09-01 19:14:10,12.1,12.66,11,5
2026-09-01 19:15:10,12.12,12.69,11,5
2026-09-01 19:16:10,12.14,12.72,11,5
2026-09-01 19:17:10,12.16,12.73,11,5
2026-09-01 19:18:10,12.18,12.77,11,5
2026-09-01 19:19:10,12.21,12.77,11,5
2026-09-01 19:20:10,12.23,12.8,11,5
2026-09-01 19:21:10,12.25,12.82,11,5
2026-09-01 19:22:10,12.27,12.85,11,5
2026-09-01 19:23:10,12.3,12.86,11,5
2026-09-01 19:24:10,12.32,12.9,11,5
2026-09-01 19:25:10,12.34,12.91,11,5
2026-09-01 19:26:10,12.36,12.93,11,5
2026-09-01 19:27:10,12.38,12.95,11,5
2026-09-01 19:28:10,12.41,12.97,11,5
2026-09-01 19:29:10,12.43,12.99,11,5
2026-09-01 19:30:10,12.45,13.02,11,5
2026-09-01 19:31:10,12.47,13.03,11,5
2026-09-01 19:32:10,12.49,13.06,11,5
2026-09-01 19:33:10,12.51,13.09,11,5
2026-09-01 19:34:10,12.54,13.1,11,5
2026-09-01 19:35:10,12.56,13.12,11,5
2026-09-01 19:36:10,12.58,13.13,12,5
2026-09-01 19:37:10,12.6,13.17,12,5
2026-09-01 19:38:10,12.62,13.18,12,5
2026-09-01 19:39:10,12.64,13.19,12,5
2026-09-01 19:40:10,12.67,13.22,12,5
2026-09-01 19:41:10,12.69,13.24,12,5
2026-09-01 19:42:10,12.71,13.27,12,5
2026-09-01 19:43:10,12.73,13.29,12,5
2026-09-01 19:44:10,12.75,13.3,12,5
2026-09-01 19:45:10,12.77,13.32,12,5
2026-09-01 19:46:10,12.79,13.34,12,5
2026-09-01 19:47:10,12.81,13.36,12,5
2026-09-01 19:48:10,12.83,13.37,12,5
2026-09-01 19:49:10,12.85,13.41,12,5
2026-09-01 19:50:10,12.88,13.43,12,5
2026-09-01 19:51:10,12.9,13.45,12,5
2026-09-01 19:52:10,12.92,13.48,12,5
2026-09-01 19:53:10,12.94,13.49,12,5
2026-09-01 19:54:10,12.96,13.51,12,5
2026-09-01 19:55:10,12.98,13.53,12,5
2026-09-01 19:56:10,13.0,13.55,12,5
2026-09-01 19:57:10,13.02,13.57,12,5
2026-09-01 19:58:10,13.04,13.58,12,5
2026-09-01 19:59:10,13.06,13.6,12,5
2026-09-01 20:00:10,13.08,13.63,12,5
2026-09-01 20:01:10,13.1,13.63,12,5
2026-09-01 20:02:10,13.12,13.66,12,5
2026-09-01 20:03:10,13.14,13.68,12,5
2026-09-01 20:04:10,13.16,13.7,12,5
2026-09-01 20:05:11,13.18,13.72,12,5
2026-09-01 20:06:11,13.2,13.73,12,5
2026-09-01 20:07:11,13.22,13.77,12,5
2026-09-01 20:08:11,13.24,13.79,12,5
2026-09-01 20:09:11,13.26,13.8,12,5
2026-09-01 20:10:11,13.28,13.84,12,5
2026-09-01 20:11:11,13.3,13.85,12,5
2026-09-01 20:12:11,13.32,13.86,12,5
2026-09-01 20:13:11,13.34,13.89,12,5
2026-09-01 20:14:11,13.36,13.89,12,5
2026-09-01 20:15:11,13.38,13.92,12,5
2026-09-01 20:16:11,13.4,13.93,12,5
2026-09-01 20:17:11,13.42,13.96,12,5
2026-09-01 20:18:11,13.44,13.98,12,5
2026-09-01 20:19:11,13.46,14.0,12,5
2026-09-01 20:20:11,13.48,14.02,12,5
2026-09-01 20:21:11,13.5,14.03,12,5
2026-09-01 20:22:11,13.52,14.05,12,5
2026-09-01 20:23:11,13.54,14.08,12,5
2026-09-01 20:24:11,13.56,14.08,12,5
2026-09-01 20:25:11,13.58,14.11,12,5
2026-09-01 20:26:11,13.6,14.14,12,5
2026-09-01 20:27:11,13.62,14.15,12,5
2026-09-01 20:28:11,13.64,14.17,12,5
2026-09-01 20:29:11,13.66,14.18,12,5
2026-09-01 20:30:11,13.68,14.2,12,5
2026-09-01 20:31:11,13.69,14.23,12,5
2026-09-01 20:32:11,13.71,14.24,12,5
2026-09-01 20:33:11,13.73,14.26,12,5
2026-09-01 20:34:11,13.75,14.28,13,5
2026-09-01 20:35:11,13.77,14.29,13,5
2026-09-01 20:36:11,13.79,14.32,13,5
2026-09-01 20:37:11,13.81,14.32,13,5
2026-09-01 20:38:11,13.83,14.36,13,5
2026-09-01 20:39:11,13.85,14.38,13,5
2026-09-01 20:40:11,13.87,14.38,13,5
2026-09-01 20:41:11,13.89,14.4,13,5
2026-09-01 20:42:11,13.9,14.42,13,5
2026-09-01 20:43:11,13.92,14.43,13,5
2026-09-01 20:44:11,13.94,14.46,13,5
2026-09-01 20:45:11,13.96,14.49,13,5
2026-09-01 20:46:11,13.98,14.51,13,5
2026-09-01 20:47:11,14.0,14.52,13,5
2026-09-01 20:48:11,14.02,14.54,13,5
2026-09-01 20:49:11,14.04,14.56,13,5
2026-09-01 20:50:11,14.05,14.57,13,5
2026-09-01 20:51:11,14.07,14.59,13,5
2026-09-01 20:52:11,14.09,14.61,13,5
2026-09-01 20:53:11,14.11,14.63,13,5
2026-09-01 20:54:11,14.13,14.64,13,5
2026-09-01 20:55:11,14.15,14.66,13,5
2026-09-01 20:56:11,14.17,14.68,13,5
2026-09-01 20:57:11,14.18,14.7,13,5
2026-09-01 20:58:11,14.2,14.71,13,5
2026-09-01 20:59:11,14.22,14.74,13,5
2026-09-01 21:00:11,14.24,14.74,13,5
2026-09-01 21:01:11,14.26,14.75,13,5
2026-09-01 21:02:11,14.28,14.78,13,5
2026-09-01 21:03:11,14.29,14.8,13,5
2026-09-01 21:04:11,14.31,14.82,13,5
2026-09-01 21:05:11,14.33,14.83,13,5
2026-09-01 21:06:11,14.35,14.86,13,5
2026-09-01 21:07:11,14.37,14.88,13,5
2026-09-01 21:08:11,14.39,14.9,13,5
2026-09-01 21:09:11,14.4,14.91,13,5
2026-09-01 21:10:11,14.42,14.92,13,5
2026-09-01 21:11:11,14.44,14.95,13,5
2026-09-01 21:12:11,14.46,14.96,13,5
2026-09-01 21:13:11,14.48,15.06,13,5
2026-09-01 21:14:11,14.5,15.07,13,5
2026-09-01 21:15:11,14.53,15.07,13,5
2026-09-01 21:16:11,14.55,15.07,13,5
2026-09-01 21:17:11,14.57,15.03,13,5
2026-09-01 21:18:11,14.58,14.95,13,5
2026-09-01 21:19:11,14.59,14.81,13,5
2026-09-01 21:20:11,14.58,14.64,13,5
2026-09-01 21:21:11,14.57,14.43,13,5
2026-09-01 21:22:11,14.54,14.23,13,5
2026-09-01 21:23:11,14.5,13.99,13,5
2026-09-01 21:24:11,14.45,13.75,13,5
2026-09-01 21:25:11,14.39,13.5,13,5
2026-09-01 21:26:11,14.33,13.2,13,5
2026-09-01 21:27:11,14.27,12.9,13,5
2026-09-01 21:28:11,14.19,12.6,13,5
2026-09-01 21:29:11,14.12,12.35,13,5
2026-09-01 21:30:11,14.04,12.08,12,5
2026-09-01 21:31:11,13.96,11.82,12,5
2026-09-01 21:32:11,13.88,11.59,12,5
2026-09-01 21:33:11,13.79,11.36,11,5
2026-09-01 21:34:11,13.7,11.13,11,5
2026-09-01 21:35:11,13.6,10.92,11,5
2026-09-01 21:36:11,13.5,10.66,10,5
2026-09-01 21:37:11,13.4,10.42,10,5
2026-09-01 21:38:11,13.29,10.19,9,5
2026-09-01 21:39:11,13.17,9.94,9,5
2026-09-01 21:40:11,13.05,9.71,8,5
2026-09-01 21:41:11,12.93,9.47,8,5
2026-09-01 21:42:11,12.81,9.26,7,5
2026-09-01 21:43:11,12.68,9.04,7,5
2026-09-01 21:44:11,12.55,8.85,6,5
2026-09-01 21:45:11,12.41,8.62,6,5
2026-09-01 21:46:11,12.27,8.42,5,5
2026-09-01 21:47:11,12.13,8.29,5,5
2026-09-01 21:48:11,11.99,8.23,4,5
2026-09-01 21:49:11,11.86,8.24,4,5
2026-09-01 21:50:11,11.72,8.26,4,5
2026-09-01 21:51:11,11.6,8.28,4,5
2026-09-01 21:52:11,11.47,8.29,4,5
2026-09-01 21:53:11,11.36,8.34,4,5
2026-09-01 21:54:11,11.25,8.36,4,5
2026-09-01 21:55:11,11.15,8.44,5,5
2026-09-01 21:56:11,11.06,8.47,5,5
2026-09-01 21:57:11,10.97,8.52,5,5
2026-09-01 21:58:11,10.89,8.58,6,5
2026-09-01 21:59:11,10.81,8.63,6,5
2026-09-01 22:00:11,10.74,8.68,6,5
2026-09-01 22:01:11,10.67,8.72,6,5
2026-09-01 22:02:11,10.61,8.79,7,5
2026-09-01 22:03:11,10.55,8.81,7,5
2026-09-01 22:04:11,10.5,8.81,7,5
2026-09-01 22:05:11,10.45,8.77,7,5
2026-09-01 22:06:11,10.4,8.68,7,5
2026-09-01 22:07:11,10.36,8.57,7,5
2026-09-01 22:08:11,10.31,8.46,7,5
2026-09-01 22:09:11,10.26,8.31,7,5
2026-09-01 22:10:11,10.21,8.15,7,5
2026-09-01 22:11:11,10.16,7.96,7,5
2026-09-01 22:12:11,10.1,7.77,7,5
2026-09-01 22:13:11,10.04,7.57,7,5
2026-09-01 22:14:11,9.96,7.37,7,5
2026-09-01 22:15:11,9.88,7.17,6,5
2026-09-01 22:16:11,9.8,6.96,6,5
2026-09-01 22:17:11,9.72,6.74,5,5
2026-09-01 22:18:11,9.62,6.6,5,5
2026-09-01 22:19:11,9.53,6.51,4,5
2026-09-01 22:20:11,9.44,6.51,4,5
2026-09-01 22:21:11,9.34,6.53,3,5
2026-09-01 22:22:11,9.26,6.59,3,5
2026-09-01 22:23:11,9.17,6.63,3,5
2026-09-01 22:24:11,9.1,6.7,3,5
2026-09-01 22:25:11,9.02,6.77,3,5
2026-09-01 22:26:11,8.95,6.83,4,5
2026-09-01 22:27:11,8.89,6.87,4,5
2026-09-01 22:28:11,8.83,6.96,4,5
2026-09-01 22:29:11,8.78,7.02,5,5
2026-09-01 22:30:11,8.73,7.09,5,5
2026-09-01 22:31:11,8.68,7.13,5,5
2026-09-01 22:32:11,8.64,7.19,6,5
2026-09-01 22:33:11,8.61,7.24,6,5
2026-09-01 22:34:11,8.58,7.32,6,5
2026-09-01 22:35:11,8.55,7.37,6,5
2026-09-01 22:36:11,8.52,7.44,6,5
2026-09-01 22:37:11,8.5,7.48,7,5
2026-09-01 22:38:11,8.49,7.51,7,5
2026-09-01 22:39:11,8.47,7.51,7,5
2026-09-01 22:40:11,8.46,7.49,7,5
2026-09-01 22:41:11,8.45,7.42,7,5
2026-09-01 22:42:11,8.43,7.32,7,5
2026-09-01 22:43:11,8.42,7.18,7,5
2026-09-01 22:44:11,8.4,7.04,7,5
2026-09-01 22:45:11,8.38,6.9,7,5
2026-09-01 22:46:11,8.35,6.71,7,5
2026-09-01 22:47:11,8.32,6.52,7,5
2026-09-01 22:48:11,8.28,6.32,6,5
2026-09-01 22:49:11,8.24,6.12,6,5
2026-09-01 22:50:11,8.2,5.92,6,5
2026-09-01 22:51:11,8.15,5.71,5,5
2026-09-01 22:52:11,8.09,5.57,5,5
2026-09-01 22:53:11,8.03,5.51,4,5
2026-09-01 22:54:11,7.96,5.52,3,5
2026-09-01 22:55:11,7.9,5.53,3,5
2026-09-01 22:56:11,7.83,5.59,3,5
2026-09-01 22:57:11,7.77,5.64,3,5
2026-09-01 22:58:11,7.72,5.72,3,5
2026-09-01 22:59:11,7.66,5.78,3,5
2026-09-01 23:00:11,7.61,5.87,3,5
2026-09-01 23:01:11,7.57,5.93,4,5
2026-09-01 23:02:11,7.53,5.99,4,5
2026-09-01 23:03:11,7.49,6.06,4,5
2026-09-01 23:04:11,7.46,6.12,4,5
2026-09-01 23:05:11,7.44,6.18,5,5
2026-09-01 23:06:11,7.41,6.25,5,5
2026-09-01 23:07:11,7.39,6.3,5,5
2026-09-01 23:08:11,7.38,6.35,5,5
2026-09-01 23:09:11,7.36,6.41,6,5
2026-09-01 23:10:11,7.35,6.47,6,5
2026-09-01 23:11:11,7.35,6.53,6,5
2026-09-01 23:12:11,7.34,6.6,6,5
2026-09-01 23:13:11,7.34,6.64,6,5
2026-09-01 23:14:11,7.34,6.7,7,5
2026-09-01 23:15:11,7.35,6.72,7,5
2026-09-01 23:16:11,7.36,6.71,7,5
2026-09-01 23:17:11,7.36,6.7,7,5
2026-09-01 23:18:11,7.37,6.65,7,5
2026-09-01 23:19:11,7.37,6.58,7,5
2026-09-01 23:20:11,7.37,6.44,7,5
2026-09-01 23:21:11,7.36,6.3,7,5
2026-09-01 23:22:11,7.35,6.14,7,5
2026-09-01 23:23:11,7.33,5.97,7,5
2026-09-01 23:24:11,7.3,5.78,6,5
2026-09-01 23:25:11,7.28,5.58,6,5
2026-09-01 23:26:11,7.24,5.38,6,5
2026-09-01 23:27:11,7.21,5.17,5,5
2026-09-01 23:28:11,7.16,4.99,5,5
2026-09-01 23:29:11,7.12,4.86,4,5
2026-09-01 23:30:11,7.07,4.83,4,5
2026-09-01 23:31:11,7.01,4.84,3,5
2026-09-01 23:32:11,6.96,4.88,3,5
2026-09-01 23:33:11,6.91,4.93,3,5
2026-09-01 23:34:11,6.87,5.0,3,5
2026-09-01 23:35:11,6.82,5.07,3,5
2026-09-01 23:36:11,6.78,5.15,3,5
2026-09-01 23:37:11,6.75,5.21,3,5
2026-09-01 23:38:11,6.71,5.28,3,5
2026-09-01 23:39:11,6.69,5.33,4,5
2026-09-01 23:40:11,6.66,5.39,4,5
2026-09-01 23:41:11,6.64,5.46,4,5
2026-09-01 23:42:11,6.62,5.53,5,5
2026-09-01 23:43:11,6.61,5.59,5,5
2026-09-01 23:44:11,6.6,5.63,5,5
2026-09-01 23:45:11,6.59,5.69,5,5
2026-09-01 23:46:11,6.59,5.76,5,5
2026-09-01 23:47:11,6.59,5.8,6,5
2026-09-01 23:48:11,6.59,5.87,6,5
2026-09-01 23:49:11,6.59,5.92,6,5
2026-09-01 23:50:11,6.6,5.99,6,5
2026-09-01 23:51:11,6.61,6.02,6,5
2026-09-01 23:52:11,6.62,6.08,6,5
2026-09-01 23:53:11,6.63,6.13,7,5
2026-09-01 23:54:11,6.64,6.16,7,5
2026-09-01 23:55:11,6.65,6.17,7,5
2026-09-01 23:56:11,6.66,6.16,6,5
2026-09-01 23:57:11,6.67,6.12,6,5
2026-09-01 23:58:11,6.68,6.04,6,5
2026-09-01 23:59:11,6.68,5.93,6,5
2026-09-02 00:00:11,6.68,5.78,6,5
2026-09-02 00:01:11,6.67,5.64,6,5
2026-09-02 00:02:11,6.66,5.47,6,5
2026-09-02 00:03:11,6.64,5.31,6,5
2026-09-02 00:04:11,6.62,5.09,6,5
2026-09-02 00:05:11,6.59,4.9,6,5
2026-09-02 00:06:11,6.56,4.69,5,5
2026-09-02 00:07:11,6.52,4.48,5,5
2026-09-02 00:08:11,6.47,4.34,5,5
2026-09-02 00:09:11,6.43,4.29,4,5
2026-09-02 00:10:11,6.38,4.29,3,5
2026-09-02 00:11:11,6.34,4.34,3,5
2026-09-02 00:12:11,6.3,4.39,3,5
2026-09-02 00:13:11,6.26,4.46,3,5
2026-09-02 00:14:11,6.22,4.55,3,5
2026-09-02 00:15:11,6.19,4.61,3,5
2026-09-02 00:16:11,6.15,4.68,3,5
2026-09-02 00:17:11,6.13,4.74,3,5
2026-09-02 00:18:11,6.1,4.82,3,5
2026-09-02 00:19:11,6.08,4.87,4,5
2026-09-02 00:20:11,6.07,4.94,4,5
2026-09-02 00:21:12,6.05,4.99,4,5
2026-09-02 00:22:11,6.04,5.06,4,5
2026-09-02 00:23:11,6.04,5.11,5,5
2026-09-02 00:24:11,6.04,5.17,5,5
2026-09-02 00:25:11,6.04,5.24,5,5
2026-09-02 00:26:11,6.04,5.28,5,5
2026-09-02 00:27:11,6.04,5.33,5,5
2026-09-02 00:28:11,6.05,5.38,6,5
2026-09-02 00:29:11,6.06,5.43,6,5
2026-09-02 00:30:11,6.07,5.47,6,5
2026-09-02 00:31:11,6.08,5.53,6,5
2026-09-02 00:32:11,6.09,5.57,6,5
2026-09-02 00:33:11,6.1,5.62,6,5
2026-09-02 00:34:11,6.11,5.66,6,5
2026-09-02 00:35:11,6.12,5.71,7,5
2026-09-02 00:36:11,6.14,5.75,7,5
2026-09-02 00:37:11,6.15,5.73,6,5
2026-09-02 00:38:11,6.17,5.71,6,5
2026-09-02 00:39:11,6.18,5.68,6,5
2026-09-02 00:40:12,6.19,5.59,6,5
2026-09-02 00:41:12,6.2,5.47,6,5
2026-09-02 00:42:12,6.2,5.32,6,5
2026-09-02 00:43:12,6.19,5.16,6,5
2026-09-02 00:44:12,6.18,4.99,6,5
2026-09-02 00:45:12,6.17,4.81,6,5
2026-09-02 00:46:12,6.14,4.62,6,5
2026-09-02 00:47:12,6.12,4.43,6,5
2026-09-02 00:48:12,6.08,4.22,5,5
2026-09-02 00:49:12,6.04,4.04,5,5
2026-09-02 00:50:12,6.0,3.93,4,5
2026-09-02 00:51:12,5.95,3.89,4,5
2026-09-02 00:52:12,5.91,3.9,3,5
2026-09-02 00:53:12,5.87,3.93,3,5
2026-09-02 00:54:12,5.83,4.0,3,5
2026-09-02 00:55:12,5.79,4.07,3,5
2026-09-02 00:56:12,5.76,4.18,3,5
2026-09-02 00:57:12,5.73,4.24,3,5
2026-09-02 00:58:12,5.7,4.31,3,5
2026-09-02 00:59:12,5.68,4.37,3,5
2026-09-02 01:00:12,5.66,4.44,3,5
2026-09-02 01:01:12,5.64,4.51,4,5
2026-09-02 01:02:12,5.63,4.56,4,5
2026-09-02 01:03:12,5.62,4.63,4,5
2026-09-02 01:04:12,5.61,4.67,4,5
2026-09-02 01:05:12,5.61,4.73,5,5
2026-09-02 01:06:12,5.61,4.79,5,5
2026-09-02 01:07:12,5.62,4.85,5,5
2026-09-02 01:08:12,5.62,4.89,5,5
2026-09-02 01:09:12,5.63,4.94,5,5
2026-09-02 01:10:12,5.63,4.99,5,5
2026-09-02 01:11:12,5.64,5.03,6,5
2026-09-02 01:12:12,5.65,5.07,6,5
2026-09-02 01:13:12,5.66,5.11,6,5
2026-09-02 01:14:12,5.67,5.18,6,5
2026-09-02 01:15:12,5.69,5.23,6,5
2026-09-02 01:16:12,5.7,5.28,6,5
2026-09-02 01:17:12,5.71,5.34,6,5
2026-09-02 01:18:12,5.73,5.39,6,5
2026-09-02 01:19:12,5.75,5.43,7,5
2026-09-02 01:20:12,5.77,5.44,7,5
2026-09-02 01:21:12,5.78,5.44,6,5
2026-09-02 01:22:12,5.8,5.43,6,5
2026-09-02 01:23:12,5.82,5.38,6,5
2026-09-02 01:24:12,5.83,5.3,6,5
2026-09-02 01:25:12,5.84,5.17,6,5
2026-09-02 01:26:12,5.84,5.02,6,5
2026-09-02 01:27:12,5.84,4.87,6,5
2026-09-02 01:28:12,5.83,4.69,6,5
2026-09-02 01:29:12,5.81,4.53,6,5
2026-09-02 01:30:12,5.78,4.33,6,5
2026-09-02 01:31:12,5.76,4.14,6,5
2026-09-02 01:32:12,5.72,3.92,5,5
2026-09-02 01:33:12,5.68,3.78,5,5
2026-09-02 01:34:12,5.64,3.67,4,5
2026-09-02 01:35:12,5.6,3.65,3,5
2026-09-02 01:36:12,5.56,3.68,3,5
2026-09-02 01:37:12,5.52,3.75,3,5
2026-09-02 01:38:12,5.48,3.8,3,5
2026-09-02 01:39:12,5.45,3.89,3,5
2026-09-02 01:40:12,5.43,3.99,3,5
2026-09-02 01:41:12,5.4,4.07,3,5
2026-09-02 01:42:12,5.38,4.13,3,5
2026-09-02 01:43:12,5.36,4.18,3,5
2026-09-02 01:44:12,5.35,4.23,3,5
2026-09-02 01:45:12,5.34,4.29,4,5
2026-09-02 01:46:12,5.33,4.34,4,5
2026-09-02 01:47:12,5.33,4.38,4,5
2026-09-02 01:48:12,5.33,4.44,4,5
2026-09-02 01:49:12,5.33,4.47,4,5
2026-09-02 01:50:12,5.33,4.54,5,5
2026-09-02 01:51:12,5.34,4.59,5,5
2026-09-02 01:52:12,5.34,4.63,5,5
2026-09-02 01:53:12,5.35,4.66,5,5
2026-09-02 01:54:12,5.36,4.72,5,5
2026-09-02 01:55:12,5.37,4.74,5,5
2026-09-02 01:56:12,5.38,4.81,6,5
2026-09-02 01:57:12,5.39,4.85,6,5
2026-09-02 01:58:12,5.4,4.89,6,5
2026-09-02 01:59:12,5.41,4.95,6,5
2026-09-02 02:00:12,5.43,4.99,6,5
2026-09-02 02:01:12,5.44,5.05,6,5
2026-09-02 02:02:12,5.46,5.09,6,5
2026-09-02 02:03:12,5.47,5.16,6,5
2026-09-02 02:04:12,5.49,5.21,6,5
2026-09-02 02:05:12,5.51,5.25,7,5
2026-09-02 02:06:12,5.53,5.25,7,5
2026-09-02 02:07:12,5.56,5.23,6,5
2026-09-02 02:08:12,5.57,5.22,6,5
2026-09-02 02:09:12,5.59,5.17,6,5
2026-09-02 02:10:12,5.6,5.08,6,5
2026-09-02 02:11:12,5.61,4.97,6,5
2026-09-02 02:12:12,5.61,4.81,6,5
2026-09-02 02:13:12,5.61,4.63,6,5
2026-09-02 02:14:12,5.59,4.45,6,5
2026-09-02 02:15:12,5.57,4.29,6,5
2026-09-02 02:16:12,5.55,4.1,6,5
2026-09-02 02:17:12,5.52,3.91,6,5
2026-09-02 02:18:12,5.48,3.7,5,5
2026-09-02 02:19:12,5.44,3.55,5,5
2026-09-02 02:20:12,5.4,3.46,4,5
2026-09-02 02:21:12,5.36,3.43,3,5
2026-09-02 02:22:12,5.32,3.42,3,5
2026-09-02 02:23:12,5.28,3.48,3,5
2026-09-02 02:24:12,5.24,3.55,3,5
2026-09-02 02:25:12,5.21,3.62,3,5
2026-09-02 02:26:12,5.18,3.71,3,5
2026-09-02 02:27:12,5.16,3.8,3,5
2026-09-02 02:28:12,5.14,3.87,3,5
2026-09-02 02:29:12,5.12,3.93,3,5
2026-09-02 02:30:12,5.11,3.98,3,5
2026-09-02 02:31:12,5.1,4.03,4,5
2026-09-02 02:32:12,5.09,4.08,4,5
2026-09-02 02:33:12,5.08,4.14,4,5
2026-09-02 02:34:12,5.08,4.18,4,5
2026-09-02 02:35:12,5.08,4.23,4,5
2026-09-02 02:36:12,5.09,4.28,5,5
2026-09-02 02:37:12,5.09,4.32,5,5
2026-09-02 02:38:12,5.1,4.36,5,5
2026-09-02 02:39:12,5.11,4.43,5,5
2026-09-02 02:40:12,5.11,4.48,5,5
2026-09-02 02:41:12,5.12,4.51,5,5
2026-09-02 02:42:12,5.13,4.56,5,5
2026-09-02 02:43:12,5.14,4.62,6,5
2026-09-02 02:44:12,5.16,4.65,6,5
2026-09-02 02:45:12,5.17,4.7,6,5
2026-09-02 02:46:12,5.19,4.75,6,5
2026-09-02 02:47:12,5.2,4.79,6,5
2026-09-02 02:48:12,5.22,4.83,6,5
2026-09-02 02:49:12,5.24,4.89,6,5
2026-09-02 02:50:12,5.25,4.94,6,5
2026-09-02 02:51:12,5.27,4.99,6,5
2026-09-02 02:52:12,5.3,5.03,6,5
2026-09-02 02:53:12,5.32,5.09,7,5
2026-09-02 02:54:12,5.34,5.09,7,5
2026-09-02 02:55:12,5.36,5.1,7,5
2026-09-02 02:56:12,5.39,5.06,6,5
2026-09-02 02:57:12,5.41,5.03,6,5
2026-09-02 02:58:12,5.42,4.96,6,5
2026-09-02 02:59:12,5.43,4.84,6,5
2026-09-02 03:00:12,5.44,4.68,6,5
2026-09-02 03:01:12,5.43,4.52,6,5
2026-09-02 03:02:12,5.42,4.33,6,5
2026-09-02 03:03:12,5.4,4.16,6,5
2026-09-02 03:04:12,5.38,3.97,6,5
2026-09-02 03:05:12,5.35,3.77,6,5
2026-09-02 03:06:12,5.31,3.57,5,5
2026-09-02 03:07:12,5.28,3.38,5,5
2026-09-02 03:08:12,5.23,3.28,4,5
2026-09-02 03:09:12,5.19,3.2,4,5
2026-09-02 03:10:12,5.15,3.2,3,5
2026-09-02 03:11:12,5.1,3.24,3,5
2026-09-02 03:12:12,5.07,3.3,3,5
2026-09-02 03:13:12,5.03,3.38,3,5
2026-09-02 03:14:12,5.0,3.46,3,5
2026-09-02 03:15:12,4.97,3.53,3,5
2026-09-02 03:16:12,4.94,3.61,3,5
2026-09-02 03:17:12,4.92,3.66,3,5
2026-09-02 03:18:12,4.91,3.75,3,5
2026-09-02 03:19:12,4.9,3.8,3,5
2026-09-02 03:20:12,4.89,3.86,4,5
2026-09-02 03:21:12,4.88,3.91,4,5
2026-09-02 03:22:12,4.88,3.96,4,5
2026-09-02 03:23:12,4.88,4.0,4,5
2026-09-02 03:24:12,4.88,4.04,4,5
2026-09-02 03:25:12,4.89,4.1,5,5
2026-09-02 03:26:12,4.89,4.15,5,5
2026-09-02 03:27:12,4.9,4.19,5,5
2026-09-02 03:28:12,4.91,4.24,5,5
2026-09-02 03:29:12,4.92,4.28,5,5
2026-09-02 03:30:12,4.93,4.34,5,5
2026-09-02 03:31:12,4.94,4.39,5,5
2026-09-02 03:32:12,4.95,4.44,6,5
2026-09-02 03:33:12,4.96,4.5,6,5
2026-09-02 03:34:12,4.97,4.54,6,5
2026-09-02 03:35:12,5.0,4.58,6,5
2026-09-02 03:36:12,5.02,4.63,6,5
2026-09-02 03:37:12,5.03,4.67,6,5
2026-09-02 03:38:12,5.05,4.72,6,5
2026-09-02 03:39:12,5.07,4.79,6,5
2026-09-02 03:40:12,5.09,4.85,6,5
2026-09-02 03:41:12,5.11,4.89,6,5
2026-09-02 03:42:12,5.14,4.94,6,5
2026-09-02 03:43:12,5.17,4.98,7,5
2026-09-02 03:44:12,5.19,5.01,7,5
2026-09-02 03:45:12,5.22,5.02,7,5
2026-09-02 03:46:12,5.24,4.99,7,5
2026-09-02 03:47:12,5.27,4.95,7,5
2026-09-02 03:48:12,5.29,4.89,7,5
2026-09-02 03:49:12,5.3,4.79,7,5
2026-09-02 03:50:12,5.31,4.64,6,5
2026-09-02 03:51:12,5.31,4.47,6,5
2026-09-02 03:52:12,5.29,4.31,6,5
2026-09-02 03:53:12,5.27,4.12,6,5
2026-09-02 03:54:12,5.25,3.95,6,5
2026-09-02 03:55:12,5.21,3.78,6,5
2026-09-02 03:56:12,5.18,3.57,6,5
2026-09-02 03:57:12,5.14,3.37,5,5
2026-09-02 03:58:12,5.1,3.19,5,5
2026-09-02 03:59:12,5.06,3.11,4,5
2026-09-02 04:00:12,5.01,3.07,4,5
2026-09-02 04:01:12,4.96,3.08,3,5
2026-09-02 04:02:12,4.93,3.13,3,5
2026-09-02 04:03:12,4.9,3.18,3,5
2026-09-02 04:04:12,4.87,3.26,3,5
2026-09-02 04:05:12,4.84,3.35,3,5
2026-09-02 04:06:12,4.82,3.41,3,5
2026-09-02 04:07:12,4.8,3.49,3,5
2026-09-02 04:08:12,4.79,3.56,3,5
2026-09-02 04:09:12,4.77,3.62,3,5
2026-09-02 04:10:12,4.76,3.68,3,5
2026-09-02 04:11:12,4.76,3.74,4,5
2026-09-02 04:12:12,4.75,3.79,4,5
2026-09-02 04:13:12,4.75,3.83,4,5
2026-09-02 04:14:12,4.75,3.88,4,5
2026-09-02 04:15:12,4.76,3.92,4,5
2026-09-02 04:16:12,4.76,3.97,5,5
2026-09-02 04:17:12,4.77,4.02,5,5
2026-09-02 04:18:12,4.77,4.06,5,5
2026-09-02 04:19:12,4.78,4.12,5,5
2026-09-02 04:20:12,4.79,4.18,5,5
2026-09-02 04:21:12,4.8,4.22,5,5
2026-09-02 04:22:12,4.8,4.27,5,5
2026-09-02 04:23:12,4.82,4.29,6,5
2026-09-02 04:24:12,4.83,4.35,6,5
2026-09-02 04:25:12,4.84,4.4,6,5
2026-09-02 04:26:12,4.86,4.44,6,5
2026-09-02 04:27:12,4.87,4.5,6,5
2026-09-02 04:28:12,4.89,4.54,6,5
2026-09-02 04:29:12,4.91,4.59,6,5
2026-09-02 04:30:12,4.93,4.65,6,5
2026-09-02 04:31:12,4.95,4.7,6,5
2026-09-02 04:32:12,4.98,4.74,6,5
2026-09-02 04:33:12,5.01,4.8,6,5
2026-09-02 04:34:12,5.04,4.85,6,5
2026-09-02 04:35:12,5.06,4.9,7,5
2026-09-02 04:36:12,5.09,4.92,7,5
2026-09-02 04:37:12,5.12,4.91,7,5
2026-09-02 04:38:12,5.14,4.86,7,5
2026-09-02 04:39:12,5.16,4.81,7,5
2026-09-02 04:40:12,5.18,4.73,7,5
2026-09-02 04:41:12,5.19,4.62,6,5
2026-09-02 04:42:12,5.19,4.47,6,5
2026-09-02 04:43:12,5.19,4.3,6,5
2026-09-02 04:44:12,5.17,4.13,6,5
2026-09-02 04:45:12,5.14,3.91,6,5
2026-09-02 04:46:12,5.11,3.72,6,5
2026-09-02 04:47:12,5.07,3.51,6,5
2026-09-02 04:48:12,5.03,3.31,6,5
2026-09-02 04:49:12,4.98,3.11,5,5
2026-09-02 04:50:12,4.94,2.98,5,5
2026-09-02 04:51:12,4.9,2.91,4,5
2026-09-02 04:52:12,4.86,2.89,3,5
2026-09-02 04:53:12,4.82,2.92,3,5
2026-09-02 04:54:12,4.79,2.98,3,5
2026-09-02 04:55:12,4.75,3.05,3,5
2026-09-02 04:56:12,4.72,3.12,3,5
2026-09-02 04:57:12,4.7,3.21,3,5
2026-09-02 04:58:12,4.67,3.29,3,5
2026-09-02 04:59:12,4.65,3.37,3,5
2026-09-02 05:00:12,4.64,3.44,3,5
2026-09-02 05:01:12,4.63,3.5,3,5
2026-09-02 05:02:12,4.62,3.56,3,5
2026-09-02 05:03:12,4.61,3.6,4,5
2026-09-02 05:04:12,4.61,3.65,4,5
2026-09-02 05:05:12,4.61,3.71,4,5
2026-09-02 05:06:12,4.61,3.76,4,5
2026-09-02 05:07:12,4.61,3.81,4,5
2026-09-02 05:08:12,4.62,3.86,5,5
2026-09-02 05:09:12,4.63,3.9,5,5
2026-09-02 05:10:12,4.63,3.94,5,5
2026-09-02 05:11:12,4.64,3.99,5,5
2026-09-02 05:12:12,4.65,4.03,5,5
2026-09-02 05:13:12,4.66,4.09,5,5
2026-09-02 05:14:12,4.67,4.13,5,5
2026-09-02 05:15:12,4.68,4.18,6,5
2026-09-02 05:16:12,4.69,4.22,6,5
2026-09-02 05:17:12,4.71,4.27,6,5
2026-09-02 05:18:12,4.72,4.32,6,5
2026-09-02 05:19:12,4.74,4.36,6,5
2026-09-02 05:20:12,4.76,4.42,6,5
2026-09-02 05:21:12,4.78,4.47,6,5
2026-09-02 05:22:12,4.8,4.5,6,5
2026-09-02 05:23:12,4.82,4.55,6,5
2026-09-02 05:24:12,4.85,4.61,6,5
2026-09-02 05:25:12,4.87,4.66,6,5
2026-09-02 05:26:12,4.9,4.71,6,5
2026-09-02 05:27:12,4.92,4.75,7,5
2026-09-02 05:28:12,4.95,4.78,7,5
2026-09-02 05:29:12,4.98,4.8,7,5
2026-09-02 05:30:12,5.01,4.76,7,5
2026-09-02 05:31:12,5.04,4.72,7,5
2026-09-02 05:32:12,5.06,4.67,7,5
2026-09-02 05:33:12,5.07,4.61,6,5
2026-09-02 05:34:12,5.08,4.48,6,5
2026-09-02 05:35:12,5.08,4.31,6,5
2026-09-02 05:36:12,5.07,4.15,6,5
2026-09-02 05:37:12,5.05,3.95,6,5
2026-09-02 05:38:12,5.02,3.76,6,5
2026-09-02 05:39:12,4.98,3.55,6,5
2026-09-02 05:40:12,4.94,3.37,6,5
2026-09-02 05:41:12,4.9,3.15,5,5
2026-09-02 05:42:12,4.86,2.98,5,5
2026-09-02 05:43:12,4.82,2.84,5,5
2026-09-02 05:44:12,4.78,2.8,4,5
2026-09-02 05:45:12,4.74,2.79,3,5
2026-09-02 05:46:12,4.7,2.82,3,5
2026-09-02 05:47:12,4.67,2.87,3,5
2026-09-02 05:48:12,4.64,2.95,3,5
2026-09-02 05:49:12,4.61,3.02,3,5
2026-09-02 05:50:12,4.58,3.11,3,5
2026-09-02 05:51:12,4.56,3.19,3,5
2026-09-02 05:52:12,4.54,3.25,3,5
2026-09-02 05:53:12,4.53,3.32,3,5
2026-09-02 05:54:12,4.51,3.38,3,5
2026-09-02 05:55:12,4.51,3.46,3,5
2026-09-02 05:56:12,4.5,3.52,4,5
2026-09-02 05:57:12,4.5,3.56,4,5
2026-09-02 05:58:12,4.5,3.6,4,5
2026-09-02 05:59:12,4.5,3.65,4,5
2026-09-02 06:00:12,4.5,3.7,4,5
2026-09-02 06:01:12,4.51,3.74,5,5
2026-09-02 06:02:12,4.52,3.79,5,5
2026-09-02 06:03:12,4.52,3.84,5,5
2026-09-02 06:04:13,4.53,3.89,5,5
2026-09-02 06:05:12,4.54,3.93,5,5
2026-09-02 06:06:12,4.55,3.97,5,5
2026-09-02 06:07:12,4.56,4.01,5,5
2026-09-02 06:08:13,4.57,4.06,5,5
2026-09-02 06:09:13,4.59,4.12,6,5
2026-09-02 06:10:13,4.6,4.17,6,5
2026-09-02 06:11:13,4.62,4.22,6,5
2026-09-02 06:12:13,4.64,4.27,6,5
2026-09-02 06:13:13,4.65,4.3,6,5
2026-09-02 06:14:13,4.67,4.34,6,5
2026-09-02 06:15:13,4.69,4.37,6,5
2026-09-02 06:16:13,4.72,4.45,6,5
2026-09-02 06:17:13,4.74,4.49,6,5
2026-09-02 06:18:13,4.76,4.54,6,5
2026-09-02 06:19:13,4.79,4.59,6,5
2026-09-02 06:20:13,4.82,4.64,6,5
2026-09-02 06:21:13,4.84,4.7,7,5
2026-09-02 06:22:13,4.87,4.73,7,5
2026-09-02 06:23:13,4.9,4.73,7,5
2026-09-02 06:24:13,4.93,4.7,7,5
2026-09-02 06:25:13,4.95,4.65,7,5
2026-09-02 06:26:13,4.96,4.59,7,5
2026-09-02 06:27:13,4.98,4.51,6,5
2026-09-02 06:28:13,5.0,4.36,6,5
2026-09-02 06:29:13,5.0,4.22,6,5
2026-09-02 06:30:13,4.98,4.04,6,5
2026-09-02 06:31:13,4.96,3.86,6,5
2026-09-02 06:32:13,4.93,3.64,6,5
2026-09-02 06:33:13,4.89,3.48,6,5
2026-09-02 06:34:13,4.85,3.26,6,5
2026-09-02 06:35:13,4.81,3.04,5,5
2026-09-02 06:36:13,4.76,2.87,5,5
2026-09-02 06:37:13,4.72,2.79,4,5
2026-09-02 06:38:13,4.68,2.74,4,5
2026-09-02 06:39:13,4.65,2.76,3,5
2026-09-02 06:40:13,4.61,2.81,3,5
2026-09-02 06:41:13,4.58,2.87,3,5
2026-09-02 06:42:13,4.55,2.94,3,5
2026-09-02 06:43:13,4.53,3.02,3,5
2026-09-02 06:44:13,4.5,3.12,3,5
2026-09-02 06:45:13,4.49,3.17,3,5
2026-09-02 06:46:13,4.47,3.25,3,5
2026-09-02 06:47:13,4.46,3.31,3,5
2026-09-02 06:48:13,4.45,3.39,3,5
2026-09-02 06:49:13,4.45,3.44,4,5
2026-09-02 06:50:13,4.44,3.48,4,5
2026-09-02 06:51:13,4.44,3.54,4,5
2026-09-02 06:52:13,4.44,3.58,4,5
2026-09-02 06:53:13,4.45,3.62,4,5
2026-09-02 06:54:13,4.45,3.66,4,5
2026-09-02 06:55:13,4.46,3.71,5,5
2026-09-02 06:56:13,4.46,3.77,5,5
2026-09-02 06:57:13,4.47,3.81,5,5
2026-09-02 06:58:13,4.48,3.85,5,5
2026-09-02 06:59:13,4.49,3.89,5,5
2026-09-02 07:00:13,4.5,3.93,5,5
2026-09-02 07:01:13,4.51,3.98,5,5
2026-09-02 07:02:13,4.52,4.02,5,5
2026-09-02 07:03:13,4.54,4.07,6,5
2026-09-02 07:04:13,4.55,4.13,6,5
2026-09-02 07:05:13,4.57,4.18,6,5
2026-09-02 07:06:13,4.59,4.21,6,5
2026-09-02 07:07:13,4.61,4.27,6,5
2026-09-02 07:08:13,4.62,4.31,6,5
2026-09-02 07:09:13,4.65,4.34,6,5
2026-09-02 07:10:13,4.67,4.4,6,5
2026-09-02 07:11:13,4.69,4.45,6,5
2026-09-02 07:12:13,4.72,4.5,6,5
2026-09-02 07:13:13,4.74,4.54,6,5
2026-09-02 07:14:13,4.77,4.6,6,5
2026-09-02 07:15:13,4.8,4.64,6,5
2026-09-02 07:16:13,4.83,4.7,6,5
2026-09-02 07:17:13,4.86,4.75,6,5
2026-09-02 07:18:13,4.89,4.81,7,5
2026-09-02 07:19:13,4.92,4.83,7,5
2026-09-02 07:20:13,4.95,4.82,7,5
2026-09-02 07:21:13,4.98,4.78,7,5
2026-09-02 07:22:13,5.01,4.72,7,5
2026-09-02 07:23:13,5.03,4.64,7,5
2026-09-02 07:24:13,5.04,4.55,6,5
2026-09-02 07:25:13,5.04,4.4,6,5
2026-09-02 07:26:13,5.04,4.22,6,5
2026-09-02 07:27:13,5.02,4.02,6,5
2026-09-02 07:28:13,4.98,3.81,6,5
2026-09-02 07:29:13,4.95,3.64,6,5
2026-09-02 07:30:13,4.91,3.5,6,5
2026-09-02 07:31:13,4.87,3.31,6,5
2026-09-02 07:32:13,4.83,3.09,5,5
2026-09-02 07:33:13,4.79,2.93,5,5
2026-09-02 07:34:13,4.74,2.84,4,5
2026-09-02 07:35:13,4.7,2.81,4,5
2026-09-02 07:36:13,4.66,2.82,3,5
2026-09-02 07:37:13,4.63,2.84,3,5
2026-09-02 07:38:13,4.6,2.92,3,5
2026-09-02 07:39:13,4.57,2.98,3,5
2026-09-02 07:40:13,4.55,3.05,3,5
2026-09-02 07:41:13,4.52,3.13,3,5
2026-09-02 07:42:13,4.51,3.2,3,5
2026-09-02 07:43:13,4.49,3.27,3,5
2026-09-02 07:44:13,4.48,3.35,3,5
2026-09-02 07:45:13,4.48,3.39,3,5
2026-09-02 07:46:13,4.47,3.46,4,5
2026-09-02 07:47:13,4.47,3.51,4,5
2026-09-02 07:48:13,4.47,3.55,4,5
2026-09-02 07:49:13,4.47,3.58,4,5
2026-09-02 07:50:13,4.47,3.62,4,5
2026-09-02 07:51:13,4.48,3.67,4,5
2026-09-02 07:52:13,4.48,3.72,5,5
2026-09-02 07:53:13,4.49,3.76,5,5
2026-09-02 07:54:13,4.5,3.81,5,5
2026-09-02 07:55:13,4.5,3.85,5,5
2026-09-02 07:56:13,4.51,3.89,5,5
2026-09-02 07:57:13,4.52,3.92,5,5
2026-09-02 07:58:13,4.53,3.96,5,5
2026-09-02 07:59:13,4.54,4.0,5,5
2026-09-02 08:00:13,4.56,4.04,6,5
2026-09-02 08:01:13,4.57,4.11,6,5
2026-09-02 08:02:13,4.59,4.15,6,5
2026-09-02 08:03:13,4.6,4.21,6,5
2026-09-02 08:04:13,4.62,4.25,6,5
2026-09-02 08:05:13,4.64,4.29,6,5
2026-09-02 08:06:13,4.66,4.33,6,5
2026-09-02 08:07:13,4.68,4.38,6,5
2026-09-02 08:08:13,4.71,4.43,6,5
2026-09-02 08:09:13,4.73,4.48,6,5
2026-09-02 08:10:13,4.75,4.52,6,5
2026-09-02 08:11:13,4.78,4.57,6,5
2026-09-02 08:12:13,4.81,4.62,6,5
2026-09-02 08:13:13,4.83,4.67,7,5
2026-09-02 08:14:13,4.86,4.7,7,5
2026-09-02 08:15:13,4.89,4.68,7,5
2026-09-02 08:16:13,4.91,4.65,7,5
2026-09-02 08:17:13,4.94,4.58,7,5
2026-09-02 08:18:13,4.95,4.54,7,5
2026-09-02 08:19:13,4.96,4.44,6,5
2026-09-02 08:20:13,4.97,4.3,6,5
2026-09-02 08:21:13,4.96,4.13,6,5
2026-09-02 08:22:13,4.95,3.96,6,5
2026-09-02 08:23:13,4.93,3.77,6,5
2026-09-02 08:24:13,4.9,3.56,6,5
2026-09-02 08:25:13,4.86,3.38,6,5
2026-09-02 08:26:13,4.82,3.15,6,5
2026-09-02 08:27:13,4.78,2.95,5,5
2026-09-02 08:28:13,4.74,2.79,5,5
2026-09-02 08:29:13,4.7,2.71,4,5
2026-09-02 08:30:13,4.65,2.68,3,5
2026-09-02 08:31:13,4.62,2.7,3,5
2026-09-02 08:32:13,4.58,2.74,3,5
2026-09-02 08:33:13,4.55,2.81,3,5
2026-09-02 08:34:13,4.52,2.88,3,5
2026-09-02 08:35:13,4.49,2.98,3,5
2026-09-02 08:36:13,4.47,3.06,3,5
2026-09-02 08:37:13,4.45,3.12,3,5
2026-09-02 08:38:13,4.43,3.19,3,5
2026-09-02 08:39:13,4.42,3.28,3,5
2026-09-02 08:40:13,4.41,3.34,3,5
2026-09-02 08:41:13,4.41,3.39,3,5
2026-09-02 08:42:13,4.4,3.45,4,5
2026-09-02 08:43:13,4.41,3.47,4,5
2026-09-02 08:44:13,4.41,3.52,4,5
2026-09-02 08:45:13,4.41,3.55,4,5
2026-09-02 08:46:13,4.41,3.61,4,5
2026-09-02 08:47:13,4.42,3.64,5,5
2026-09-02 08:48:13,4.43,3.7,5,5
2026-09-02 08:49:13,4.43,3.73,5,5
2026-09-02 08:50:13,4.44,3.78,5,5
2026-09-02 08:51:13,4.45,3.82,5,5
2026-09-02 08:52:13,4.47,3.87,5,5
2026-09-02 08:53:13,4.48,3.91,5,5
2026-09-02 08:54:13,4.49,3.95,5,5
2026-09-02 08:55:13,4.51,4.29,6,5
2026-09-02 08:56:13,4.53,4.61,6,5
2026-09-02 08:57:13,4.57,4.97,6,5
2026-09-02 08:58:13,4.64,5.34,6,5
2026-09-02 08:59:13,4.73,5.67,6,5
2026-09-02 09:00:13,4.84,6.03,6,5
2026-09-02 09:01:13,4.96,6.37,6,5
2026-09-02 09:02:13,5.1,6.67,6,5
2026-09-02 09:03:13,5.24,7.0,6,5
2026-09-02 09:04:13,5.39,7.3,6,5
2026-09-02 09:05:13,5.55,7.6,6,5
2026-09-02 09:06:13,5.71,7.88,7,5
2026-09-02 09:07:13,5.88,8.15,7,5
2026-09-02 09:08:13,6.04,8.35,7,5
2026-09-02 09:09:13,6.2,8.55,7,5
2026-09-02 09:10:13,6.35,8.65,7,5
2026-09-02 09:11:13,6.49,8.74,7,5
2026-09-02 09:12:13,6.62,8.78,7,5
2026-09-02 09:13:13,6.74,8.74,7,5
2026-09-02 09:14:13,6.84,8.66,7,5
2026-09-02 09:15:13,6.92,8.53,7,5
2026-09-02 09:16:13,6.98,8.34,7,5
2026-09-02 09:17:13,7.04,8.05,7,5
2026-09-02 09:18:13,7.06,7.73,7,5
2026-09-02 09:19:13,7.07,7.44,7,5
2026-09-02 09:20:13,7.07,7.13,7,5
2026-09-02 09:21:13,7.04,6.81,7,5
2026-09-02 09:22:13,7.01,6.56,7,5
2026-09-02 09:23:13,6.96,6.26,6,5
2026-09-02 09:24:13,6.9,5.93,6,5
2026-09-02 09:25:13,6.82,5.64,6,5
2026-09-02 09:26:13,6.74,5.37,5,5
2026-09-02 09:27:13,6.65,5.18,5,5
2026-09-02 09:28:13,6.56,5.01,4,5
2026-09-02 09:29:13,6.48,4.96,3,5
2026-09-02 09:30:13,6.41,4.94,3,5
2026-09-02 09:31:13,6.35,4.95,3,5
2026-09-02 09:32:13,6.3,4.95,3,5
2026-09-02 09:33:13,6.26,4.98,3,5
2026-09-02 09:34:13,6.22,4.97,3,5
2026-09-02 09:35:13,6.19,4.98,3,5
2026-09-02 09:36:13,6.16,4.99,3,5
2026-09-02 09:37:13,6.14,4.99,3,5
2026-09-02 09:38:13,6.12,5.0,4,5
2026-09-02 09:39:13,6.1,5.01,4,5
2026-09-02 09:40:13,6.08,4.99,4,5
2026-09-02 09:41:13,6.06,4.99,4,5
2026-09-02 09:42:13,6.05,4.99,4,5
2026-09-02 09:43:13,6.03,4.99,5,5
2026-09-02 09:44:13,6.02,5.01,5,5
2026-09-02 09:45:13,6.01,5.02,5,5
2026-09-02 09:46:13,6.0,5.02,5,5
2026-09-02 09:47:13,5.98,5.04,5,5
2026-09-02 09:48:13,5.97,5.09,5,5
2026-09-02 09:49:13,5.97,5.12,5,5
2026-09-02 09:50:13,5.96,5.16,6,5
2026-09-02 09:51:13,5.95,5.18,6,5
2026-09-02 09:52:13,5.95,5.2,6,5
2026-09-02 09:53:13,5.94,5.25,6,5
2026-09-02 09:54:13,5.94,5.27,6,5
2026-09-02 09:55:13,5.94,5.31,6,5
2026-09-02 09:56:13,5.94,5.36,6,5
2026-09-02 09:57:13,5.95,5.4,6,5
2026-09-02 09:58:13,5.95,5.42,6,5
2026-09-02 09:59:13,5.96,5.45,6,5
2026-09-02 10:00:13,5.96,5.48,7,5
2026-09-02 10:01:13,5.97,5.5,7,5
2026-09-02 10:02:13,5.98,5.47,7,5
2026-09-02 10:03:13,5.99,5.41,6,5
2026-09-02 10:04:13,6.0,5.35,6,5
2026-09-02 10:05:13,6.01,5.26,6,5
2026-09-02 10:06:13,6.0,5.16,6,5
2026-09-02 10:07:13,5.99,4.97,6,5
2026-09-02 10:08:13,5.98,4.76,6,5
2026-09-02 10:09:13,5.95,4.6,6,5
2026-09-02 10:10:13,5.92,4.42,6,5
2026-09-02 10:11:13,5.88,4.21,6,5
2026-09-02 10:12:13,5.84,3.98,6,5
2026-09-02 10:13:13,5.8,3.99,6,5
2026-09-02 10:14:13,5.75,3.8,5,5
2026-09-02 10:15:13,5.7,3.61,5,5
2026-09-02 10:16:13,5.65,3.54,4,5
2026-09-02 10:17:13,5.6,3.51,4,5
2026-09-02 10:18:13,5.55,3.53,3,5
2026-09-02 10:19:13,5.5,3.57,3,5
2026-09-02 10:20:13,5.46,3.62,3,5
2026-09-02 10:21:13,5.42,3.68,3,5
2026-09-02 10:22:13,5.38,3.75,3,5
2026-09-02 10:23:13,5.35,3.83,3,5
2026-09-02 10:24:13,5.32,3.87,3,5
2026-09-02 10:25:13,5.29,3.92,3,5
2026-09-02 10:26:13,5.27,3.97,3,5
2026-09-02 10:27:13,5.25,4.01,4,5
2026-09-02 10:28:13,5.23,4.03,4,5
2026-09-02 10:29:13,5.22,4.1,4,5
2026-09-02 10:30:13,5.21,4.15,4,5
2026-09-02 10:31:13,5.2,4.19,4,5
2026-09-02 10:32:13,5.2,4.21,5,5
2026-09-02 10:33:13,5.19,4.26,5,5
2026-09-02 10:34:13,5.19,4.3,5,5
2026-09-02 10:35:13,5.18,4.33,5,5
2026-09-02 10:36:13,5.18,4.36,5,5
2026-09-02 10:37:13,5.18,4.42,5,5
2026-09-02 10:38:13,5.18,4.46,5,5
2026-09-02 10:39:13,5.18,4.49,6,5
2026-09-02 10:40:13,5.19,4.52,6,5
2026-09-02 10:41:13,5.19,4.57,6,5
2026-09-02 10:42:13,5.2,4.62,6,5
2026-09-02 10:43:13,5.21,4.67,6,5
2026-09-02 10:44:13,5.22,4.71,6,5
2026-09-02 10:45:13,5.23,4.78,6,5
2026-09-02 10:46:13,5.25,4.84,6,5
2026-09-02 10:47:13,5.26,4.87,6,5
2026-09-02 10:48:13,5.28,4.93,6,5
2026-09-02 10:49:13,5.3,4.99,7,5
2026-09-02 10:50:13,5.32,5.01,7,5
2026-09-02 10:51:13,5.34,5.02,7,5
2026-09-02 10:52:13,5.36,4.99,7,5
2026-09-02 10:53:13,5.38,4.94,6,5
2026-09-02 10:54:13,5.39,4.89,6,5
2026-09-02 10:55:13,5.4,4.8,6,5
2026-09-02 10:56:13,5.41,4.64,6,5
2026-09-02 10:57:13,5.4,4.45,6,5
2026-09-02 10:58:13,5.39,4.27,6,5
2026-09-02 10:59:13,5.36,4.11,6,5
2026-09-02 11:00:13,5.33,3.9,6,5
2026-09-02 11:01:13,5.3,3.73,6,5
2026-09-02 11:02:13,5.26,3.51,6,5
2026-09-02 11:03:13,5.22,3.28,5,5
2026-09-02 11:04:13,5.17,3.12,5,5
2026-09-02 11:05:13,5.13,3.02,4,5
2026-09-02 11:06:13,5.08,2.98,4,5
2026-09-02 11:07:13,5.04,2.99,3,5
2026-09-02 11:08:13,5.0,3.04,3,5
2026-09-02 11:09:13,4.95,3.09,3,5
2026-09-02 11:10:13,4.91,3.18,3,5
2026-09-02 11:11:13,4.88,3.24,3,5
2026-09-02 11:12:13,4.85,3.32,3,5
2026-09-02 11:13:13,4.82,3.4,3,5
2026-09-02 11:14:13,4.8,3.47,3,5
2026-09-02 11:15:13,4.78,3.53,3,5
2026-09-02 11:16:13,4.77,3.6,3,5
2026-09-02 11:17:13,4.76,3.65,4,5
2026-09-02 11:18:13,4.75,3.72,4,5
2026-09-02 11:19:13,4.74,3.76,4,5
2026-09-02 11:20:13,4.74,3.8,4,5
2026-09-02 11:21:13,4.74,3.84,4,5
2026-09-02 11:22:13,4.74,3.88,5,5
2026-09-02 11:23:13,4.74,3.92,5,5
2026-09-02 11:24:13,4.74,3.97,5,5
2026-09-02 11:25:13,4.75,4.02,5,5
2026-09-02 11:26:13,4.75,4.06,5,0
2026-09-02 11:27:13,4.76,4.08,5,0
2026-09-02 11:28:13,4.76,4.11,5,0
2026-09-02 11:29:13,4.77,4.12,5,0
2026-09-02 11:30:13,4.78,4.07,5,0
2026-09-02 11:31:13,4.79,3.97,5,0
2026-09-02 11:32:13,4.79,3.87,5,0
2026-09-02 11:33:13,4.78,3.7,5,0
2026-09-02 11:34:13,4.77,3.52,5,0
2026-09-02 11:35:13,4.75,3.32,5,0
2026-09-02 11:36:13,4.73,3.11,5,0
2026-09-02 11:37:13,4.69,2.89,5,0
2026-09-02 11:38:13,4.65,2.68,4,0
2026-09-02 11:39:13,4.61,2.46,4,0
2026-09-02 11:40:13,4.56,2.25,4,0
2026-09-02 11:41:13,4.51,2.04,3,0
2026-09-02 11:42:13,4.45,1.83,2,0
2026-09-02 11:43:13,4.39,1.6,2,0
2026-09-02 11:44:14,4.25,1.4,1,0
2026-09-02 11:45:14,4.17,1.22,1,0
2026-09-02 11:46:14,4.09,1.03,0,0
2026-09-02 11:47:14,4.0,0.89,0,0
2026-09-02 11:48:14,3.91,0.84,-1,0
2026-09-02 11:49:14,3.83,0.83,-1,0
2026-09-02 11:50:14,3.74,0.88,-1,0
2026-09-02 11:51:14,3.66,0.95,-1,0
2026-09-02 11:52:14,3.58,1.04,-1,0
2026-09-02 11:53:14,3.51,1.13,-1,0
2026-09-02 11:54:14,3.45,1.23,-1,0
2026-09-02 11:55:14,3.4,1.34,-1,0
2026-09-02 11:56:14,3.35,1.44,0,0
2026-09-02 11:57:14,3.3,1.55,0,0
2026-09-02 11:58:14,3.27,1.66,0,0
2026-09-02 11:59:14,3.24,1.77,1,0
2026-09-02 12:00:14,3.22,1.88,1,0
2026-09-02 12:01:14,3.21,1.99,1,0
2026-09-02 12:02:14,3.2,2.09,2,0
2026-09-02 12:03:14,3.2,2.18,2,0
2026-09-02 12:04:14,3.19,2.21,2,0
2026-09-02 12:05:14,3.19,2.18,2,0
2026-09-02 12:06:14,3.18,2.11,2,0
2026-09-02 12:07:14,3.17,1.96,3,0
2026-09-02 12:08:14,3.15,1.81,3,0
2026-09-02 12:09:14,3.11,1.64,3,0
2026-09-02 12:10:14,3.08,1.43,3,0
2026-09-02 12:11:14,3.03,1.27,2,0
2026-09-02 12:12:14,2.98,1.07,2,0
2026-09-02 12:13:14,2.92,0.89,2,0
2026-09-02 12:14:14,2.87,0.72,1,0
2026-09-02 12:15:14,2.8,0.56,1,0
2026-09-02 12:16:14,2.74,0.36,0,0
2026-09-02 12:17:14,2.67,0.22,0,0
2026-09-02 12:18:14,2.6,0.19,-1,0
2026-09-02 12:19:14,2.53,0.22,-1,0
2026-09-02 12:20:14,2.47,0.26,-1,0
2026-09-02 12:21:14,2.41,0.31,-1,0
2026-09-02 12:22:14,2.36,0.4,-1,0
2026-09-02 12:23:14,2.31,0.48,-1,0
2026-09-02 12:24:14,2.27,0.58,-1,0
2026-09-02 12:25:14,2.24,0.68,-1,0
2026-09-02 12:26:14,2.21,0.8,0,0
2026-09-02 12:27:14,2.19,0.92,0,0
2026-09-02 12:28:14,2.18,1.03,0,0
2026-09-02 12:29:14,2.17,1.14,1,0
2026-09-02 12:30:14,2.17,1.27,1,0
2026-09-02 12:31:14,2.18,1.36,1,0
2026-09-02 12:32:14,2.19,1.47,1,0
2026-09-02 12:33:14,2.2,1.57,2,0
2026-09-02 12:34:14,2.22,1.64,2,0
2026-09-02 12:35:14,2.24,1.66,2,0
2026-09-02 12:36:14,2.25,1.61,2,0
2026-09-02 12:37:14,2.26,1.5,2,0
2026-09-02 12:38:14,2.26,1.37,2,0
2026-09-02 12:39:14,2.25,1.23,3,0
2026-09-02 12:40:14,2.22,1.07,3,0
2026-09-02 12:41:14,2.19,0.9,3,0
2026-09-02 12:42:14,2.15,0.69,2,0
2026-09-02 12:43:14,2.1,0.55,2,0
2026-09-02 12:44:14,2.05,0.38,1,0
2026-09-02 12:45:14,2.0,0.22,1,0
2026-09-02 12:46:14,1.94,0.04,0,0
2026-09-02 12:47:14,1.88,-0.09,0,0
2026-09-02 12:48:14,1.82,-0.18,-1,0
2026-09-02 12:49:14,1.64,-0.21,-1,0
2026-09-02 12:50:14,1.6,-0.19,-1,0
2026-09-02 12:51:14,1.56,-0.16,-1,0
2026-09-02 12:52:14,1.52,-0.09,-1,0
2026-09-02 12:53:14,1.49,-0.02,-1,0
2026-09-02 12:54:14,1.47,0.08,-1,0
2026-09-02 12:55:14,1.45,0.19,-1,0
2026-09-02 12:56:14,1.43,0.29,-1,0
2026-09-02 12:57:14,1.42,0.4,0,0
2026-09-02 12:58:14,1.42,0.52,0,0
2026-09-02 12:59:14,1.42,0.64,0,0
2026-09-02 13:00:14,1.43,0.74,0,0
2026-09-02 13:01:14,1.44,0.87,1,0
2026-09-02 13:02:14,1.45,0.97,1,0
2026-09-02 13:03:14,1.47,1.06,1,0
2026-09-02 13:04:14,1.49,1.16,2,0
2026-09-02 13:05:14,1.52,1.25,2,0
2026-09-02 13:06:14,1.54,1.29,2,0
2026-09-02 13:07:14,1.56,1.24,2,0
2026-09-02 13:08:14,1.57,1.13,2,0
2026-09-02 13:09:14,1.57,1.02,2,0
2026-09-02 13:10:14,1.56,0.87,2,0
2026-09-02 13:11:14,1.55,0.71,2,0
2026-09-02 13:12:14,1.52,0.54,2,0
2026-09-02 13:13:14,1.49,0.36,2,0
2026-09-02 13:14:14,1.45,0.23,2,0
2026-09-02 13:15:14,1.41,0.03,1,0
2026-09-02 13:16:14,1.36,-0.12,1,0
2026-09-02 13:17:14,1.31,-0.28,0,0
2026-09-02 13:18:14,1.26,-0.42,0,0
2026-09-02 13:19:14,1.22,-0.49,-1,0
2026-09-02 13:20:14,1.18,-0.48,-1,0
2026-09-02 13:21:14,1.13,-0.47,-1,0
2026-09-02 13:22:14,1.1,-0.42,-1,0
2026-09-02 13:23:14,1.07,-0.37,-1,0
2026-09-02 13:24:14,1.05,-0.3,-1,0
2026-09-02 13:25:14,1.03,-0.21,-1,0
2026-09-02 13:26:14,1.02,-0.11,-1,0
2026-09-02 13:27:14,1.01,-0.01,-1,0
2026-09-02 13:28:14,1.01,0.11,0,0
2026-09-02 13:29:14,1.01,0.19,0,0
2026-09-02 13:30:14,1.01,0.33,0,0
2026-09-02 13:31:14,1.02,0.44,0,0
2026-09-02 13:32:14,1.04,0.56,1,0
2026-09-02 13:33:14,1.06,0.65,1,0
2026-09-02 13:34:14,1.08,0.75,1,0
2026-09-02 13:35:14,1.11,0.88,1,0
2026-09-02 13:36:14,1.13,0.95,2,0
2026-09-02 13:37:14,1.16,1.01,2,0
2026-09-02 13:38:14,1.18,1.02,2,0
2026-09-02 13:39:14,1.21,0.97,2,0
2026-09-02 13:40:14,1.22,0.84,2,0
2026-09-02 13:41:14,1.22,0.69,2,0
2026-09-02 13:42:14,1.21,0.54,2,0
2026-09-02 13:43:14,1.2,0.37,2,0
2026-09-02 13:44:14,1.17,0.22,2,0
2026-09-02 13:45:14,1.14,0.06,2,0
2026-09-02 13:46:14,1.1,-0.12,2,0
2026-09-02 13:47:14,1.06,-0.28,1,0
2026-09-02 13:48:14,1.02,-0.44,1,0
2026-09-02 13:49:14,0.97,-0.59,0,0
2026-09-02 13:50:14,0.93,-0.72,0,0
2026-09-02 13:51:14,0.88,-0.75,-1,0
2026-09-02 13:52:14,0.85,-0.73,-1,0
2026-09-02 13:53:14,0.81,-0.72,-1,0
2026-09-02 13:54:14,0.78,-0.67,-1,0
2026-09-02 13:55:14,0.76,-0.61,-1,0
2026-09-02 13:56:14,0.74,-0.52,-1,0
2026-09-02 13:57:14,0.72,-0.44,-1,0
2026-09-02 13:58:14,0.71,-0.35,-1,0
2026-09-02 13:59:14,0.71,-0.23,-1,0
2026-09-02 14:00:14,0.71,-0.12,-1,0
2026-09-02 14:01:14,0.71,0.0,0,0
2026-09-02 14:02:14,0.72,0.14,0,0
2026-09-02 14:03:14,0.74,0.23,0,0
2026-09-02 14:04:14,0.76,0.33,1,0
2026-09-02 14:05:14,0.78,0.43,1,0
2026-09-02 14:06:14,0.8,0.53,1,0
2026-09-02 14:07:14,0.83,0.62,1,0
2026-09-02 14:08:14,0.86,0.71,2,0
2026-09-02 14:09:14,0.89,0.79,2,0
2026-09-02 14:10:14,0.91,0.84,2,0
2026-09-02 14:11:14,0.94,0.79,2,0
2026-09-02 14:12:14,0.96,0.69,2,0
2026-09-02 14:13:14,0.97,0.52,2,0
2026-09-02 14:14:14,0.97,0.35,2,0
2026-09-02 14:15:14,0.96,0.21,2,0
2026-09-02 14:16:14,0.94,0.04,2,0
2026-09-02 14:17:14,0.91,-0.14,2,0
2026-09-02 14:18:14,0.87,-0.29,2,0
2026-09-02 14:19:14,0.84,-0.46,1,0
2026-09-02 14:20:14,0.8,-0.6,1,0
2026-09-02 14:21:14,0.75,-0.8,0,0
2026-09-02 14:22:14,0.7,-0.92,0,0
2026-09-02 14:23:14,0.66,-1.0,-1,5
2026-09-02 14:24:14,0.62,-0.99,-1,5
2026-09-02 14:25:14,0.58,-0.96,-2,5
2026-09-02 14:26:14,0.55,-0.92,-2,5
2026-09-02 14:27:14,0.52,-0.89,-2,5
2026-09-02 14:28:14,0.5,-0.8,-2,5
2026-09-02 14:29:14,0.48,-0.71,-1,5
2026-09-02 14:30:14,0.47,-0.64,-1,5
2026-09-02 14:31:14,0.47,-0.52,-1,5
2026-09-02 14:32:14,0.46,-0.41,-1,5
2026-09-02 14:33:14,0.47,-0.3,-1,5
2026-09-02 14:34:14,0.47,-0.19,0,5
2026-09-02 14:35:14,0.49,-0.09,0,5
2026-09-02 14:36:14,0.5,0.02,0,5
2026-09-02 14:37:14,0.52,0.15,1,5
2026-09-02 14:38:14,0.54,0.23,1,5
2026-09-02 14:39:14,0.57,0.32,1,5
2026-09-02 14:40:14,0.6,0.41,1,5
2026-09-02 14:41:14,0.63,0.52,2,5
2026-09-02 14:42:14,0.66,0.59,2,5
2026-09-02 14:43:14,0.69,0.67,2,5
2026-09-02 14:44:14,0.73,0.76,2,5
2026-09-02 14:45:14,0.76,0.81,2,5
2026-09-02 14:46:14,0.8,0.9,2,5
2026-09-02 14:47:14,0.83,0.96,3,5
2026-09-02 14:48:14,0.87,1.02,3,5
2026-09-02 14:49:14,0.9,1.08,3,5
2026-09-02 14:50:14,0.94,1.14,3,5
2026-09-02 14:51:14,0.98,1.19,3,5
2026-09-02 14:52:14,1.01,1.25,3,5
2026-09-02 14:53:14,1.05,1.31,3,5
2026-09-02 14:54:14,1.09,1.34,3,5
2026-09-02 14:55:14,1.13,1.41,3,5
2026-09-02 14:56:14,1.17,1.45,4,5
2026-09-02 14:57:14,1.2,1.5,4,5
2026-09-02 14:58:14,1.24,1.56,4,5
2026-09-02 14:59:14,1.28,1.61,4,5
2026-09-02 15:00:14,1.32,1.63,4,5
2026-09-02 15:01:14,1.35,1.69,4,5
2026-09-02 15:02:14,1.39,1.74,4,5
2026-09-02 15:03:14,1.43,1.77,4,5
2026-09-02 15:04:14,1.47,1.82,4,5
2026-09-02 15:05:14,1.51,1.85,4,5
2026-09-02 15:06:14,1.55,1.92,4,5
2026-09-02 15:07:14,1.59,1.97,4,5
2026-09-02 15:08:14,1.62,2.02,4,5
2026-09-02 15:09:14,1.67,2.05,4,5
2026-09-02 15:10:14,1.83,2.12,4,5
2026-09-02 15:11:14,1.88,2.16,5,5
2026-09-02 15:12:14,1.93,2.21,5,5
2026-09-02 15:13:14,1.98,2.27,5,5
2026-09-02 15:14:14,2.02,2.31,5,5
2026-09-02 15:15:14,2.08,2.36,5,5
2026-09-02 15:16:14,2.13,2.42,5,5
2026-09-02 15:17:14,2.18,2.48,5,5
2026-09-02 15:18:14,2.23,2.55,5,5
2026-09-02 15:19:14,2.28,2.59,5,5
2026-09-02 15:20:14,2.34,2.65,5,5
2026-09-02 15:21:14,2.39,2.7,5,5
2026-09-02 15:22:14,2.44,2.77,5,5
2026-09-02 15:23:14,2.5,2.82,5,5
2026-09-02 15:24:14,2.55,2.87,5,5
2026-09-02 15:25:14,2.61,2.94,5,5
2026-09-02 15:26:14,2.67,3.0,5,5
2026-09-02 15:27:14,2.72,3.05,5,5
2026-09-02 15:28:14,2.78,3.13,5,5
2026-09-02 15:29:14,2.84,3.19,5,5
2026-09-02 15:30:14,2.89,3.24,5,5
2026-09-02 15:31:14,2.95,3.34,5,5
2026-09-02 15:32:14,3.01,3.4,5,5
2026-09-02 15:33:14,3.06,3.47,5,5
2026-09-02 15:34:14,3.12,3.52,5,5
2026-09-02 15:35:14,3.18,3.58,5,5
2026-09-02 15:36:14,3.24,3.64,5,5
2026-09-02 15:37:14,3.29,3.71,5,5
2026-09-02 15:38:14,3.35,3.79,5,5
2026-09-02 15:39:14,3.4,3.84,5,5
2026-09-02 15:40:14,3.46,3.89,5,5
2026-09-02 15:41:14,3.52,3.95,5,5
2026-09-02 15:42:14,3.58,4.01,5,5
2026-09-02 15:43:14,3.63,4.06,5,5
2026-09-02 15:44:14,3.69,4.13,5,5
2026-09-02 15:45:14,3.74,4.2,5,5
2026-09-02 15:46:14,3.8,4.24,5,5
2026-09-02 15:47:14,3.85,4.29,5,5
2026-09-02 15:48:14,3.91,4.34,5,5
2026-09-02 15:49:14,3.96,4.42,6,5
2026-09-02 15:50:14,4.01,4.48,6,5
2026-09-02 15:51:14,4.07,4.53,6,5
2026-09-02 15:52:14,4.12,4.58,6,5
2026-09-02 15:53:14,4.17,4.63,6,5
2026-09-02 15:54:14,4.23,4.68,6,5
2026-09-02 15:55:14,4.28,4.74,6,5
2026-09-02 15:56:14,4.33,4.8,6,5
2026-09-02 15:57:14,4.38,4.85,6,5
2026-09-02 15:58:14,4.43,4.9,6,5
2026-09-02 15:59:14,4.48,4.97,6,5
2026-09-02 16:00:14,4.54,5.01,6,5
2026-09-02 16:01:14,4.59,5.06,6,5
2026-09-02 16:02:14,4.64,5.12,6,5
2026-09-02 16:03:14,4.69,5.18,6,5
2026-09-02 16:04:14,4.74,5.23,6,5
2026-09-02 16:05:14,4.79,5.29,6,5
2026-09-02 16:06:14,4.83,5.34,6,5
2026-09-02 16:07:14,4.88,5.4,6,5
2026-09-02 16:08:14,4.93,5.43,6,5
2026-09-02 16:09:14,4.98,5.48,6,5
2026-09-02 16:10:14,5.04,5.54,6,5
2026-09-02 16:11:14,5.09,5.59,6,5
2026-09-02 16:12:14,5.13,5.63,6,5
2026-09-02 16:13:14,5.18,5.66,6,5
2026-09-02 16:14:14,5.23,5.74,6,5
2026-09-02 16:15:14,5.27,5.78,6,5
2026-09-02 16:16:14,5.32,5.81,6,5
2026-09-02 16:17:14,5.37,5.87,6,5
2026-09-02 16:18:14,5.41,5.92,6,5
2026-09-02 16:19:14,5.46,5.96,6,5
2026-09-02 16:20:14,5.5,6.01,6,5
2026-09-02 16:21:14,5.55,6.05,6,5
2026-09-02 16:22:14,5.59,6.1,6,5
2026-09-02 16:23:14,5.63,6.13,6,5
2026-09-02 16:24:14,5.68,6.19,6,5
2026-09-02 16:25:14,5.72,6.22,6,5
2026-09-02 16:26:14,5.76,6.28,7,5
2026-09-02 16:27:14,5.81,6.3,7,5
2026-09-02 16:28:14,5.85,6.35,7,5
2026-09-02 16:29:14,5.89,6.37,7,5
2026-09-02 16:30:14,5.92,6.36,7,5
2026-09-02 16:31:14,5.95,6.32,7,5
2026-09-02 16:32:14,5.97,6.23,7,5
2026-09-02 16:33:14,5.98,6.08,7,5
2026-09-02 16:34:14,5.98,5.92,7,5
2026-09-02 16:35:14,5.97,5.74,7,5
2026-09-02 16:36:14,5.94,5.51,7,5
2026-09-02 16:37:14,5.89,5.23,7,5
2026-09-02 16:38:14,5.84,4.98,7,5
2026-09-02 16:39:14,5.78,4.7,7,5
2026-09-02 16:40:14,5.71,4.44,7,5
2026-09-02 16:41:14,5.63,4.18,6,5
2026-09-02 16:42:14,5.56,3.91,6,5
2026-09-02 16:43:14,5.48,3.65,6,5
2026-09-02 16:44:14,5.4,3.46,6,5
2026-09-02 16:45:14,5.32,3.2,5,5
2026-09-02 16:46:14,5.23,3.0,5,5
2026-09-02 16:47:14,5.15,2.88,4,5
2026-09-02 16:48:14,5.07,2.83,4,5
2026-09-02 16:49:14,5.0,2.82,3,5
2026-09-02 16:50:14,4.93,2.83,3,5
2026-09-02 16:51:14,4.88,2.89,3,5
2026-09-02 16:52:14,4.83,2.96,3,5
2026-09-02 16:53:14,4.79,3.04,3,5
2026-09-02 16:54:14,4.75,3.1,3,5
2026-09-02 16:55:14,4.72,3.17,3,5
2026-09-02 16:56:14,4.69,3.23,3,5
2026-09-02 16:57:14,4.67,3.29,3,5
2026-09-02 16:58:14,4.65,3.35,3,5
2026-09-02 16:59:14,4.64,3.39,3,5
2026-09-02 17:00:14,4.62,3.41,4,5
2026-09-02 17:01:14,4.61,3.43,4,5
2026-09-02 17:02:14,4.6,3.46,4,5
2026-09-02 17:03:14,4.59,3.51,4,5
2026-09-02 17:04:14,4.58,3.55,4,5
2026-09-02 17:05:14,4.58,3.59,5,5
2026-09-02 17:06:14,4.57,3.62,5,5
2026-09-02 17:07:14,4.57,3.65,5,5
2026-09-02 17:08:14,4.57,3.71,5,5
2026-09-02 17:09:14,4.57,3.74,5,5
2026-09-02 17:10:14,4.57,3.78,5,5
2026-09-02 17:11:14,4.58,3.81,5,5
2026-09-02 17:12:14,4.58,3.85,5,5
2026-09-02 17:13:14,4.58,3.88,5,5
2026-09-02 17:14:14,4.59,3.9,6,5
2026-09-02 17:15:14,4.6,3.95,6,5
2026-09-02 17:16:14,4.61,3.97,6,5
2026-09-02 17:17:14,4.62,4.01,6,5
2026-09-02 17:18:14,4.63,4.04,6,5
2026-09-02 17:19:14,4.64,4.11,6,5
2026-09-02 17:20:14,4.65,4.14,6,5
2026-09-02 17:21:14,4.66,4.17,6,5
2026-09-02 17:22:14,4.68,4.21,6,5
2026-09-02 17:23:14,4.69,4.26,6,5
2026-09-02 17:24:14,4.71,4.3,6,5
2026-09-02 17:25:14,4.72,4.35,6,5
2026-09-02 17:26:14,4.74,4.42,6,5
2026-09-02 17:27:14,4.76,4.46,6,5
2026-09-02 17:28:14,4.78,4.53,6,5
2026-09-02 17:29:14,4.81,4.58,6,5
2026-09-02 17:30:14,4.84,4.66,7,5
2026-09-02 17:31:14,4.86,4.7,7,5
2026-09-02 17:32:14,4.89,4.72,7,5
2026-09-02 17:33:14,4.91,4.72,7,5
2026-09-02 17:34:14,4.93,4.67,7,5
2026-09-02 17:35:14,4.94,4.59,7,5
2026-09-02 17:36:14,4.94,4.52,7,5
2026-09-02 17:37:14,4.94,4.39,7,5
2026-09-02 17:38:14,4.92,4.2,7,5
2026-09-02 17:39:14,4.9,4.01,7,5
2026-09-02 17:40:14,4.86,3.86,6,5
2026-09-02 17:41:14,4.82,3.66,6,5
2026-09-02 17:42:14,4.78,3.48,6,5
2026-09-02 17:43:14,4.73,3.26,6,5
2026-09-02 17:44:14,4.68,3.08,6,5
2026-09-02 17:45:14,4.63,2.87,5,5
2026-09-02 17:46:14,4.58,2.69,5,5
2026-09-02 17:47:14,4.52,2.59,4,5
2026-09-02 17:48:14,4.46,2.57,4,5
2026-09-02 17:49:14,4.41,2.58,3,5
2026-09-02 17:50:14,4.36,2.62,3,5
2026-09-02 17:51:15,4.32,2.65,3,5
2026-09-02 17:52:15,4.28,2.72,3,5
2026-09-02 17:53:15,4.25,2.81,3,5
2026-09-02 17:54:15,4.23,2.89,3,5
2026-09-02 17:55:15,4.21,2.96,3,5
2026-09-02 17:56:15,4.2,3.03,3,5
2026-09-02 17:57:15,4.19,3.11,3,5
2026-09-02 17:58:15,4.18,3.15,3,5
2026-09-02 17:59:15,4.18,3.19,4,5
2026-09-02 18:00:15,4.17,3.23,4,5
2026-09-02 18:01:15,4.17,3.28,4,5
2026-09-02 18:02:15,4.18,3.32,4,5
2026-09-02 18:03:15,4.18,3.36,4,5
2026-09-02 18:04:15,4.19,3.4,4,5
2026-09-02 18:05:15,4.19,3.45,5,5
2026-09-02 18:06:15,4.2,3.48,5,5
2026-09-02 18:07:15,4.21,3.52,5,5
2026-09-02 18:08:15,4.22,3.57,5,5
2026-09-02 18:09:15,4.23,3.62,5,5
2026-09-02 18:10:15,4.25,3.67,5,5
2026-09-02 18:11:15,4.26,3.71,5,5
2026-09-02 18:12:15,4.27,3.75,5,5
2026-09-02 18:13:15,4.29,3.79,6,5
2026-09-02 18:14:15,4.3,3.83,6,5
2026-09-02 18:15:15,4.32,3.86,6,5
2026-09-02 18:16:15,4.34,3.9,6,5
2026-09-02 18:17:15,4.36,3.94,6,5
2026-09-02 18:18:15,4.38,3.97,6,5
2026-09-02 18:19:15,4.4,4.0,6,5
2026-09-02 18:20:15,4.42,4.06,6,5
2026-09-02 18:21:15,4.44,4.11,6,5
2026-09-02 18:22:15,4.46,4.14,6,5
2026-09-02 18:23:15,4.48,4.19,6,5
2026-09-02 18:24:15,4.51,4.23,6,5
2026-09-02 18:25:15,4.53,4.3,6,5
2026-09-02 18:26:15,4.56,4.34,6,5
2026-09-02 18:27:15,4.58,4.39,6,5
2026-09-02 18:28:15,4.61,4.46,6,5
2026-09-02 18:29:15,4.64,4.52,7,5
2026-09-02 18:30:15,4.67,4.56,7,5
2026-09-02 18:31:15,4.7,4.58,7,5
2026-09-02 18:32:15,4.73,4.57,7,5
2026-09-02 18:33:15,4.74,4.5,7,5
2026-09-02 18:34:15,4.76,4.42,7,5
2026-09-02 18:35:15,4.76,4.31,7,5
2026-09-02 18:36:15,4.75,4.18,7,5
2026-09-02 18:37:15,4.74,4.01,6,5
2026-09-02 18:38:15,4.71,3.83,6,5
2026-09-02 18:39:15,4.68,3.66,6,5
2026-09-02 18:40:15,4.64,3.48,6,5
2026-09-02 18:41:15,4.6,3.28,6,5
2026-09-02 18:42:15,4.55,3.08,6,5
2026-09-02 18:43:15,4.5,2.83,5,5
2026-09-02 18:44:15,4.45,2.64,5,5
2026-09-02 18:45:15,4.4,2.54,5,5
2026-09-02 18:46:15,4.36,2.47,4,5
2026-09-02 18:47:15,4.32,2.45,3,5
2026-09-02 18:48:15,4.29,2.48,3,5
2026-09-02 18:49:15,4.26,2.55,3,5
2026-09-02 18:50:15,4.23,2.62,3,5
2026-09-02 18:51:15,4.21,2.69,3,5
2026-09-02 18:52:15,4.19,2.77,3,5
2026-09-02 18:53:15,4.18,2.85,3,5
2026-09-02 18:54:15,4.17,2.93,3,5
2026-09-02 18:55:15,4.16,3.01,3,5
2026-09-02 18:56:15,4.16,3.08,3,5
2026-09-02 18:57:15,4.16,3.13,3,5
2026-09-02 18:58:15,4.16,3.19,4,5
2026-09-02 18:59:15,4.16,3.23,4,5
2026-09-02 19:00:15,4.17,3.27,4,5
2026-09-02 19:01:15,4.17,3.34,4,5
2026-09-02 19:02:15,4.18,3.37,4,5
2026-09-02 19:03:15,4.19,3.42,4,5
2026-09-02 19:04:15,4.19,3.46,5,5
2026-09-02 19:05:15,4.2,3.52,5,5
2026-09-02 19:06:15,4.22,3.54,5,5
2026-09-02 19:07:15,4.23,3.59,5,5
2026-09-02 19:08:15,4.24,3.63,5,5
2026-09-02 19:09:15,4.25,3.67,5,5
2026-09-02 19:10:15,4.27,3.72,5,5
2026-09-02 19:11:15,4.28,3.77,5,5
2026-09-02 19:12:15,4.3,3.81,6,5
2026-09-02 19:13:15,4.31,3.86,6,5
2026-09-02 19:14:15,4.33,3.89,6,5
2026-09-02 19:15:15,4.35,3.93,6,5
2026-09-02 19:16:15,4.37,3.97,6,5
2026-09-02 19:17:15,4.39,4.0,6,5
2026-09-02 19:18:15,4.41,4.03,6,5
2026-09-02 19:19:15,4.43,4.07,6,5
2026-09-02 19:20:15,4.45,4.14,6,5
2026-09-02 19:21:15,4.48,4.18,6,5
2026-09-02 19:22:15,4.5,4.22,6,5
2026-09-02 19:23:15,4.52,4.26,6,5
2026-09-02 19:24:15,4.55,4.31,6,5
2026-09-02 19:25:15,4.58,4.36,6,5
2026-09-02 19:26:15,4.6,4.44,6,5
2026-09-02 19:27:15,4.63,4.5,6,5
2026-09-02 19:28:15,4.67,4.55,6,5
2026-09-02 19:29:15,4.7,4.6,7,5
2026-09-02 19:30:15,4.73,4.64,7,5
2026-09-02 19:31:15,4.77,4.68,7,5
2026-09-02 19:32:15,4.8,4.68,7,5
2026-09-02 19:33:15,4.82,4.63,7,5
2026-09-02 19:34:15,4.83,4.55,7,5
2026-09-02 19:35:15,4.84,4.47,7,5
2026-09-02 19:36:15,4.83,4.33,7,5
2026-09-02 19:37:15,4.82,4.16,7,5
2026-09-02 19:38:15,4.79,3.95,6,5
2026-09-02 19:39:15,4.76,3.79,6,5
2026-09-02 19:40:15,4.72,3.6,6,5
2026-09-02 19:41:15,4.68,3.43,6,5
2026-09-02 19:42:15,4.63,3.22,6,5
2026-09-02 19:43:15,4.59,3.03,6,5
2026-09-02 19:44:15,4.54,2.83,5,5
2026-09-02 19:45:15,4.49,2.67,5,5
2026-09-02 19:46:15,4.45,2.56,4,5
2026-09-02 19:47:15,4.4,2.54,4,5
2026-09-02 19:48:15,4.36,2.54,3,5
2026-09-02 19:49:15,4.33,2.56,3,5
2026-09-02 19:50:15,4.3,2.64,3,5
2026-09-02 19:51:15,4.27,2.71,3,5
2026-09-02 19:52:15,4.25,2.8,3,5
2026-09-02 19:53:15,4.23,2.86,3,5
2026-09-02 19:54:15,4.22,2.94,3,5
2026-09-02 19:55:15,4.21,3.02,3,5
2026-09-02 19:56:15,4.2,3.09,3,5
2026-09-02 19:57:15,4.19,3.14,3,5
2026-09-02 19:58:15,4.19,3.2,3,5
2026-09-02 19:59:15,4.19,3.24,4,5
2026-09-02 20:00:15,4.2,3.3,4,5
2026-09-02 20:01:15,4.2,3.36,4,5
2026-09-02 20:02:15,4.21,3.41,4,5
2026-09-02 20:03:15,4.21,3.44,4,5
2026-09-02 20:04:15,4.22,3.49,5,5
2026-09-02 20:05:15,4.23,3.52,5,5
2026-09-02 20:06:15,4.24,3.57,5,5
2026-09-02 20:07:15,4.25,3.6,5,5
2026-09-02 20:08:15,4.26,3.64,5,5
2026-09-02 20:09:15,4.28,3.7,5,5
2026-09-02 20:10:15,4.29,3.75,5,5
2026-09-02 20:11:15,4.31,3.79,5,5
2026-09-02 20:12:15,4.33,3.83,6,5
2026-09-02 20:13:15,4.34,3.88,6,5
2026-09-02 20:14:15,4.36,3.93,6,5
2026-09-02 20:15:15,4.38,3.95,6,5
2026-09-02 20:16:15,4.4,3.99,6,5
2026-09-02 20:17:15,4.42,4.02,6,5
2026-09-02 20:18:15,4.45,4.08,6,5
2026-09-02 20:19:15,4.47,4.15,6,5
2026-09-02 20:20:15,4.49,4.18,6,5
2026-09-02 20:21:15,4.52,4.23,6,5
2026-09-02 20:22:15,4.54,4.28,6,5
2026-09-02 20:23:15,4.57,4.32,6,5
2026-09-02 20:24:15,4.59,4.38,6,5
2026-09-02 20:25:15,4.62,4.43,6,5
2026-09-02 20:26:15,4.65,4.48,7,5
2026-09-02 20:27:15,4.68,4.53,7,5
2026-09-02 20:28:15,4.71,4.56,7,5
2026-09-02 20:29:15,4.73,4.54,7,5
2026-09-02 20:30:15,4.75,4.48,7,5
2026-09-02 20:31:15,4.76,4.42,7,5
2026-09-02 20:32:15,4.77,4.32,7,5
2026-09-02 20:33:15,4.78,4.22,7,5
2026-09-02 20:34:15,4.77,4.07,6,5
2026-09-02 20:35:15,4.74,3.88,6,5
2026-09-02 20:36:15,4.71,3.71,6,5
2026-09-02 20:37:15,4.68,3.54,6,5
2026-09-02 20:38:15,4.64,3.35,6,5
2026-09-02 20:39:15,4.6,3.15,6,5
2026-09-02 20:40:15,4.56,2.94,6,5
2026-09-02 20:41:15,4.51,2.73,5,5
2026-09-02 20:42:15,4.47,2.59,5,5
2026-09-02 20:43:15,4.43,2.51,4,5
2026-09-02 20:44:15,4.39,2.49,4,5
2026-09-02 20:45:15,4.35,2.5,3,5
2026-09-02 20:46:15,4.32,2.54,3,5
2026-09-02 20:47:15,4.29,2.62,3,5
2026-09-02 20:48:15,4.27,2.69,3,5
2026-09-02 20:49:15,4.25,2.78,3,5
2026-09-02 20:50:15,4.23,2.87,3,5
2026-09-02 20:51:15,4.22,2.92,3,5
2026-09-02 20:52:15,4.2,3.03,3,5
2026-09-02 20:53:15,4.2,3.08,3,5
2026-09-02 20:54:15,4.19,3.13,3,5
2026-09-02 20:55:15,4.19,3.19,3,5
2026-09-02 20:56:15,4.19,3.23,4,5
2026-09-02 20:57:15,4.19,3.29,4,5
2026-09-02 20:58:15,4.2,3.34,4,5
2026-09-02 20:59:15,4.2,3.39,4,5
2026-09-02 21:00:15,4.21,3.44,4,5
2026-09-02 21:01:15,4.22,3.47,5,5
2026-09-02 21:02:15,4.23,3.52,5,5
2026-09-02 21:03:15,4.24,3.56,5,5
2026-09-02 21:04:15,4.25,3.6,5,5
2026-09-02 21:05:15,4.26,3.63,5,5
2026-09-02 21:06:15,4.28,3.67,5,5
2026-09-02 21:07:15,4.29,3.75,5,5
2026-09-02 21:08:15,4.31,3.78,5,5
2026-09-02 21:09:15,4.32,3.84,6,5
2026-09-02 21:10:15,4.34,3.88,6,5
2026-09-02 21:11:15,4.36,3.91,6,5
2026-09-02 21:12:15,4.38,3.95,6,5
2026-09-02 21:13:15,4.4,3.99,6,5
2026-09-02 21:14:15,4.42,4.03,6,5
2026-09-02 21:15:15,4.45,4.09,6,5
2026-09-02 21:16:15,4.47,4.13,6,5
2026-09-02 21:17:15,4.5,4.18,6,5
2026-09-02 21:18:15,4.52,4.23,6,5
2026-09-02 21:19:15,4.55,4.28,6,5
2026-09-02 21:20:15,4.57,4.31,6,5
2026-09-02 21:21:15,4.6,4.39,6,5
2026-09-02 21:22:15,4.62,4.43,6,5
2026-09-02 21:23:15,4.65,4.5,7,5
2026-09-02 21:24:15,4.68,4.54,7,5
2026-09-02 21:25:15,4.71,4.56,7,5
2026-09-02 21:26:15,4.73,4.54,7,5
2026-09-02 21:27:15,4.75,4.48,7,5
2026-09-02 21:28:15,4.77,4.42,7,5
2026-09-02 21:29:15,4.78,4.32,7,5
2026-09-02 21:30:15,4.78,4.22,6,5
2026-09-02 21:31:15,4.78,4.04,6,5
2026-09-02 21:32:15,4.76,3.87,6,5
2026-09-02 21:33:15,4.73,3.7,6,5
2026-09-02 21:34:15,4.7,3.53,6,5
2026-09-02 21:35:15,4.66,3.32,6,5
2026-09-02 21:36:15,4.62,3.13,6,5
2026-09-02 21:37:15,4.57,2.93,6,5
2026-09-02 21:38:15,4.52,2.75,5,5
2026-09-02 21:39:15,4.48,2.59,5,5
2026-09-02 21:40:15,4.43,2.5,4,5
2026-09-02 21:41:15,4.4,2.47,4,5
2026-09-02 21:42:15,4.36,2.49,3,5
2026-09-02 21:43:15,4.33,2.54,3,5
2026-09-02 21:44:15,4.3,2.62,3,5
2026-09-02 21:45:15,4.28,2.68,3,5
2026-09-02 21:46:15,4.26,2.77,3,5
2026-09-02 21:47:15,4.24,2.86,3,5
2026-09-02 21:48:15,4.22,2.93,3,5
2026-09-02 21:49:15,4.21,3.01,3,5
2026-09-02 21:50:15,4.2,3.07,3,5
2026-09-02 21:51:15,4.2,3.14,3,5
2026-09-02 21:52:15,4.2,3.19,3,5
2026-09-02 21:53:15,4.2,3.22,4,5
2026-09-02 21:54:15,4.2,3.29,4,5
2026-09-02 21:55:15,4.2,3.35,4,5
2026-09-02 21:56:15,4.21,3.38,4,5
2026-09-02 21:57:15,4.22,3.42,4,5
2026-09-02 21:58:15,4.23,3.47,5,5
2026-09-02 21:59:15,4.23,3.51,5,5
2026-09-02 22:00:15,4.24,3.56,5,5
2026-09-02 22:01:15,4.25,3.59,5,5
2026-09-02 22:02:15,4.27,3.63,5,5
2026-09-02 22:03:15,4.28,3.66,5,5
2026-09-02 22:04:15,4.3,3.73,5,5
2026-09-02 22:05:15,4.31,3.77,5,5
2026-09-02 22:06:15,4.33,3.8,6,5
2026-09-02 22:07:15,4.35,3.86,6,5
2026-09-02 22:08:15,4.37,3.9,6,5
2026-09-02 22:09:15,4.39,3.95,6,5
2026-09-02 22:10:15,4.4,3.98,6,5
2026-09-02 22:11:15,4.43,4.02,6,5
2026-09-02 22:12:15,4.45,4.08,6,5
2026-09-02 22:13:15,4.47,4.12,6,5
2026-09-02 22:14:15,4.5,4.18,6,5
2026-09-02 22:15:15,4.52,4.21,6,5
2026-09-02 22:16:15,4.55,4.27,6,5
2026-09-02 22:17:15,4.57,4.31,6,5
2026-09-02 22:18:15,4.6,4.35,6,5
2026-09-02 22:19:15,4.63,4.43,6,5
2026-09-02 22:20:15,4.66,4.48,6,5
2026-09-02 22:21:15,4.69,4.54,7,5
2026-09-02 22:22:15,4.71,4.57,7,5
2026-09-02 22:23:15,4.74,4.56,7,5
2026-09-02 22:24:15,4.77,4.52,7,5
2026-09-02 22:25:15,4.78,4.47,7,5
2026-09-02 22:26:15,4.8,4.39,7,5
2026-09-02 22:27:15,4.8,4.29,7,5
2026-09-02 22:28:15,4.8,4.17,6,5
2026-09-02 22:29:15,4.78,3.97,6,5
2026-09-02 22:30:15,4.76,3.85,6,5
2026-09-02 22:31:15,4.73,3.66,6,5
2026-09-02 22:32:15,4.69,3.49,6,5
2026-09-02 22:33:15,4.65,3.32,6,5
2026-09-02 22:34:15,4.6,3.13,6,5
2026-09-02 22:35:15,4.55,2.93,5,5
2026-09-02 22:36:15,4.5,2.74,5,5
2026-09-02 22:37:15,4.45,2.65,4,5
2026-09-02 22:38:15,4.41,2.58,4,5
2026-09-02 22:39:15,4.38,2.59,3,5
2026-09-02 22:40:15,4.34,2.6,3,5
2026-09-02 22:41:15,4.32,2.65,3,5
2026-09-02 22:42:15,4.29,2.73,3,5
2026-09-02 22:43:15,4.27,2.8,3,5
2026-09-02 22:44:15,4.25,2.87,3,5
2026-09-02 22:45:15,4.24,2.95,3,5
2026-09-02 22:46:15,4.23,3.04,3,5
2026-09-02 22:47:15,4.22,3.09,3,5
2026-09-02 22:48:15,4.21,3.16,3,5
2026-09-02 22:49:15,4.21,3.21,3,5
2026-09-02 22:50:15,4.21,3.26,4,5
2026-09-02 22:51:15,4.22,3.3,4,5
2026-09-02 22:52:15,4.22,3.36,4,5
2026-09-02 22:53:15,4.23,3.39,4,5
2026-09-02 22:54:15,4.23,3.44,4,5
2026-09-02 22:55:15,4.24,3.47,4,5
2026-09-02 22:56:15,4.25,3.51,5,5
2026-09-02 22:57:15,4.26,3.55,5,5
2026-09-02 22:58:15,4.27,3.59,5,5
2026-09-02 22:59:15,4.28,3.62,5,5
2026-09-02 23:00:15,4.3,3.66,5,5
2026-09-02 23:01:15,4.31,3.73,5,5
2026-09-02 23:02:15,4.33,3.78,5,5
2026-09-02 23:03:15,4.35,3.82,5,5
2026-09-02 23:04:15,4.36,3.87,6,5
2026-09-02 23:05:15,4.38,3.91,6,5
2026-09-02 23:06:15,4.4,3.96,6,5
2026-09-02 23:07:15,4.42,3.99,6,5
2026-09-02 23:08:15,4.44,4.03,6,5
2026-09-02 23:09:15,4.47,4.07,6,5
2026-09-02 23:10:15,4.49,4.13,6,5
2026-09-02 23:11:15,4.51,4.17,6,5
2026-09-02 23:12:15,4.54,4.22,6,5
2026-09-02 23:13:15,4.56,4.27,6,5
2026-09-02 23:14:15,4.59,4.3,6,5
2026-09-02 23:15:15,4.62,4.36,6,5
2026-09-02 23:16:15,4.64,4.42,6,5
2026-09-02 23:17:15,4.67,4.47,6,5
2026-09-02 23:18:15,4.7,4.52,7,5
2026-09-02 23:19:15,4.72,4.56,7,5
2026-09-02 23:20:15,4.75,4.56,7,5
2026-09-02 23:21:15,4.77,4.53,7,5
2026-09-02 23:22:15,4.79,4.47,7,5
2026-09-02 23:23:15,4.81,4.4,7,5
2026-09-02 23:24:15,4.81,4.32,7,5
2026-09-02 23:25:15,4.81,4.19,7,5
2026-09-02 23:26:15,4.79,4.03,6,5
2026-09-02 23:27:15,4.77,3.87,6,5
2026-09-02 23:28:15,4.73,3.71,6,5
2026-09-02 23:29:15,4.7,3.54,6,5
2026-09-02 23:30:15,4.66,3.35,6,5
2026-09-02 23:31:16,4.62,3.18,6,5
2026-09-02 23:32:16,4.57,2.99,5,5
2026-09-02 23:33:16,4.53,2.77,5,5
2026-09-02 23:34:16,4.48,2.63,5,5
2026-09-02 23:35:16,4.44,2.55,4,5
2026-09-02 23:36:16,4.4,2.51,3,5
2026-09-02 23:37:16,4.36,2.54,3,5
2026-09-02 23:38:16,4.33,2.59,3,5
2026-09-02 23:39:16,4.3,2.66,3,5
2026-09-02 23:40:16,4.28,2.73,3,5
2026-09-02 23:41:16,4.26,2.82,3,5
2026-09-02 23:42:16,4.24,2.9,3,5
2026-09-02 23:43:16,4.23,2.99,3,5
2026-09-02 23:44:16,4.22,3.05,3,5
2026-09-02 23:45:16,4.22,3.11,3,5
2026-09-02 23:46:16,4.21,3.17,3,5
2026-09-02 23:47:16,4.21,3.22,4,5
2026-09-02 23:48:16,4.21,3.28,4,5
2026-09-02 23:49:16,4.22,3.32,4,5
2026-09-02 23:50:16,4.22,3.38,4,5
2026-09-02 23:51:16,4.23,3.41,4,5
2026-09-02 23:52:16,4.24,3.44,4,5
2026-09-02 23:53:16,4.25,3.49,5,5
2026-09-02 23:54:16,4.26,3.52,5,5
2026-09-02 23:55:16,4.27,3.56,5,5
2026-09-02 23:56:16,4.28,3.61,5,5
2026-09-02 23:57:16,4.29,3.64,5,5
2026-09-02 23:58:16,4.3,3.71,5,5
2026-09-02 23:59:16,4.32,3.75,5,5
2026-09-03 00:00:16,4.34,3.8,5,5
2026-09-03 00:01:16,4.35,3.84,6,5
2026-09-03 00:02:16,4.37,3.88,6,5
2026-09-03 00:03:16,4.39,3.92,6,5
2026-09-03 00:04:16,4.41,3.96,6,5
2026-09-03 00:05:16,4.43,4.01,6,5
2026-09-03 00:06:16,4.45,4.04,6,5
2026-09-03 00:07:16,4.47,4.11,6,5
2026-09-03 00:08:16,4.5,4.15,6,5
2026-09-03 00:09:16,4.52,4.19,6,5
2026-09-03 00:10:16,4.55,4.23,6,5
2026-09-03 00:11:16,4.57,4.29,6,5
2026-09-03 00:12:16,4.6,4.33,6,5
2026-09-03 00:13:16,4.63,4.38,6,5
2026-09-03 00:14:16,4.65,4.44,6,5
2026-09-03 00:15:16,4.68,4.5,6,5
2026-09-03 00:16:16,4.71,4.55,7,5
2026-09-03 00:17:16,4.74,4.58,7,5
2026-09-03 00:18:16,4.77,4.56,7,5
2026-09-03 00:19:16,4.79,4.52,7,5
2026-09-03 00:20:16,4.81,4.47,7,5
2026-09-03 00:21:16,4.82,4.39,7,5
2026-09-03 00:22:16,4.83,4.29,7,5
2026-09-03 00:23:16,4.83,4.17,6,5
2026-09-03 00:24:16,4.81,3.99,6,5
2026-09-03 00:25:16,4.78,3.83,6,5
2026-09-03 00:26:16,4.75,3.64,6,5
2026-09-03 00:27:16,4.71,3.49,6,5
2026-09-03 00:28:16,4.67,3.27,6,5
2026-09-03 00:29:16,4.63,3.08,6,5
2026-09-03 00:30:16,4.58,2.84,5,5
2026-09-03 00:31:16,4.53,2.67,5,5
2026-09-03 00:32:16,4.49,2.55,4,5
2026-09-03 00:33:16,4.44,2.51,4,5
2026-09-03 00:34:16,4.41,2.5,3,5
2026-09-03 00:35:16,4.37,2.55,3,5
2026-09-03 00:36:16,4.34,2.62,3,5
2026-09-03 00:37:16,4.31,2.68,3,5
2026-09-03 00:38:16,4.29,2.74,3,5
2026-09-03 00:39:16,4.27,2.84,3,5
2026-09-03 00:40:16,4.25,2.93,3,5
2026-09-03 00:41:16,4.24,3.01,3,5
2026-09-03 00:42:16,4.23,3.07,3,5
2026-09-03 00:43:16,4.22,3.13,3,5
2026-09-03 00:44:16,4.22,3.18,3,5
2026-09-03 00:45:16,4.22,3.23,4,5
2026-09-03 00:46:16,4.22,3.29,4,5
2026-09-03 00:47:16,4.22,3.35,4,5
2026-09-03 00:48:16,4.23,3.38,4,5
2026-09-03 00:49:16,4.23,3.42,4,5
2026-09-03 00:50:16,4.24,3.46,4,5
2026-09-03 00:51:16,4.25,3.49,5,5
2026-09-03 00:52:16,4.26,3.53,5,5
2026-09-03 00:53:16,4.27,3.57,5,5
2026-09-03 00:54:16,4.28,3.62,5,5
2026-09-03 00:55:16,4.29,3.66,5,5
2026-09-03 00:56:16,4.3,3.71,5,5
2026-09-03 00:57:16,4.32,3.75,5,5
2026-09-03 00:58:16,4.34,3.81,5,5
2026-09-03 00:59:16,4.36,3.84,6,5
2026-09-03 01:00:16,4.37,3.88,6,5
2026-09-03 01:01:16,4.39,3.92,6,5
2026-09-03 01:02:16,4.41,3.97,6,5
2026-09-03 01:03:16,4.43,3.99,6,5
2026-09-03 01:04:16,4.45,4.04,6,5
2026-09-03 01:05:16,4.48,4.08,6,5
2026-09-03 01:06:16,4.5,4.13,6,5
2026-09-03 01:07:16,4.52,4.19,6,5
2026-09-03 01:08:16,4.55,4.24,6,5
2026-09-03 01:09:16,4.57,4.28,6,5
2026-09-03 01:10:16,4.6,4.34,6,5
2026-09-03 01:11:16,4.63,4.38,6,5
2026-09-03 01:12:16,4.65,4.45,6,5
2026-09-03 01:13:16,4.68,4.51,7,5
2026-09-03 01:14:16,4.71,4.55,7,5
2026-09-03 01:15:16,4.74,4.56,7,5
2026-09-03 01:16:16,4.76,4.54,7,5
2026-09-03 01:17:16,4.78,4.48,7,5
2026-09-03 01:18:16,4.8,4.43,7,5
2026-09-03 01:19:16,4.81,4.34,7,5
2026-09-03 01:20:16,4.81,4.24,6,5
2026-09-03 01:21:16,4.8,4.11,6,5
2026-09-03 01:22:16,4.78,3.92,6,5
2026-09-03 01:23:16,4.76,3.75,6,5
2026-09-03 01:24:16,4.73,3.6,6,5
2026-09-03 01:25:16,4.7,3.42,6,5
2026-09-03 01:26:16,4.66,3.23,6,5
2026-09-03 01:27:16,4.61,3.05,6,5
2026-09-03 01:28:16,4.56,2.83,5,5
2026-09-03 01:29:16,4.51,2.66,5,5
2026-09-03 01:30:16,4.47,2.58,4,5
2026-09-03 01:31:16,4.43,2.53,4,5
2026-09-03 01:32:16,4.39,2.55,3,5
2026-09-03 01:33:16,4.36,2.6,3,5
2026-09-03 01:34:16,4.33,2.65,3,5
2026-09-03 01:35:16,4.31,2.73,3,5
2026-09-03 01:36:16,4.29,2.82,3,5
2026-09-03 01:37:16,4.27,2.9,3,5
2026-09-03 01:38:16,4.25,2.98,3,5
2026-09-03 01:39:16,4.24,3.04,3,5
2026-09-03 01:40:16,4.24,3.11,3,5
2026-09-03 01:41:16,4.23,3.17,3,5
2026-09-03 01:42:16,4.23,3.22,3,5
2026-09-03 01:43:16,4.23,3.25,4,5
2026-09-03 01:44:16,4.23,3.32,4,5
2026-09-03 01:45:16,4.24,3.36,4,5
2026-09-03 01:46:16,4.24,3.42,4,5
2026-09-03 01:47:16,4.25,3.46,4,5
2026-09-03 01:48:16,4.26,3.49,5,5
2026-09-03 01:49:16,4.27,3.53,5,5
2026-09-03 01:50:16,4.28,3.56,5,5
2026-09-03 01:51:16,4.29,3.6,5,5
2026-09-03 01:52:16,4.3,3.65,5,5
2026-09-03 01:53:16,4.32,3.67,5,5
2026-09-03 01:54:16,4.33,3.74,5,5
2026-09-03 01:55:16,4.34,3.79,5,5
2026-09-03 01:56:16,4.36,3.84,6,5
2026-09-03 01:57:16,4.38,3.87,6,5
2026-09-03 01:58:16,4.4,3.91,6,5
2026-09-03 01:59:16,4.42,3.97,6,5
2026-09-03 02:00:16,4.44,3.99,6,5
2026-09-03 02:01:16,4.46,4.03,6,5
2026-09-03 02:02:16,4.48,4.08,6,5
2026-09-03 02:03:16,4.5,4.14,6,5
2026-09-03 02:04:16,4.53,4.18,6,5
2026-09-03 02:05:16,4.55,4.23,6,5
2026-09-03 02:06:16,4.58,4.27,6,5
2026-09-03 02:07:16,4.6,4.32,6,5
2026-09-03 02:08:16,4.63,4.36,6,5
2026-09-03 02:09:16,4.65,4.42,6,5
2026-09-03 02:10:16,4.68,4.5,7,5
2026-09-03 02:11:16,4.71,4.52,7,5
2026-09-03 02:12:16,4.74,4.54,7,5
2026-09-03 02:13:16,4.77,4.52,7,5
2026-09-03 02:14:16,4.78,4.46,7,5
2026-09-03 02:15:16,4.8,4.39,7,5
2026-09-03 02:16:16,4.81,4.32,7,5
2026-09-03 02:17:16,4.81,4.21,6,5
2026-09-03 02:18:16,4.8,4.02,6,5
2026-09-03 02:19:16,4.78,3.86,6,5
2026-09-03 02:20:16,4.75,3.71,6,5
2026-09-03 02:21:16,4.72,3.53,6,5
2026-09-03 02:22:16,4.69,3.32,6,5
2026-09-03 02:23:16,4.65,3.13,6,5
2026-09-03 02:24:16,4.6,2.92,5,5
2026-09-03 02:25:16,4.55,2.7,5,5
2026-09-03 02:26:16,4.51,2.58,5,5
2026-09-03 02:27:16,4.46,2.5,4,5
2026-09-03 02:28:16,4.42,2.47,3,5
2026-09-03 02:29:16,4.39,2.52,3,5
2026-09-03 02:30:16,4.35,2.58,3,5
2026-09-03 02:31:16,4.32,2.65,3,5
2026-09-03 02:32:16,4.3,2.71,3,5
2026-09-03 02:33:16,4.28,2.8,3,5
2026-09-03 02:34:16,4.26,2.88,3,5
2026-09-03 02:35:16,4.25,2.95,3,5
2026-09-03 02:36:16,4.24,3.04,3,5
2026-09-03 02:37:16,4.23,3.11,3,5
2026-09-03 02:38:16,4.22,3.15,3,5
2026-09-03 02:39:16,4.22,3.2,4,5
2026-09-03 02:40:16,4.22,3.25,4,5
2026-09-03 02:41:16,4.22,3.31,4,5
2026-09-03 02:42:16,4.23,3.36,4,5
2026-09-03 02:43:16,4.23,3.4,4,5
2026-09-03 02:44:16,4.24,3.44,4,5
2026-09-03 02:45:16,4.25,3.48,5,5
2026-09-03 02:46:16,4.26,3.53,5,5
2026-09-03 02:47:16,4.27,3.56,5,5
2026-09-03 02:48:16,4.28,3.6,5,5
2026-09-03 02:49:16,4.29,3.63,5,5
2026-09-03 02:50:16,4.3,3.67,5,5
2026-09-03 02:51:16,4.32,3.74,5,5
2026-09-03 02:52:16,4.33,3.79,5,5
2026-09-03 02:53:16,4.35,3.82,6,5
2026-09-03 02:54:16,4.37,3.88,6,5
2026-09-03 02:55:16,4.39,3.92,6,5
2026-09-03 02:56:16,4.41,3.97,6,5
2026-09-03 02:57:16,4.43,4.01,6,5
2026-09-03 02:58:16,4.45,4.06,6,5
2026-09-03 02:59:16,4.47,4.08,6,5
2026-09-03 03:00:16,4.49,4.14,6,5
2026-09-03 03:01:16,4.52,4.18,6,5
2026-09-03 03:02:16,4.54,4.24,6,5
2026-09-03 03:03:16,4.57,4.28,6,5
2026-09-03 03:04:16,4.59,4.31,6,5
2026-09-03 03:05:16,4.62,4.36,6,5
2026-09-03 03:06:16,4.65,4.42,6,5
2026-09-03 03:07:16,4.68,4.48,6,5
2026-09-03 03:08:16,4.71,4.53,6,5
2026-09-03 03:09:16,4.74,4.6,6,5
2026-09-03 03:10:16,4.78,4.65,7,5
2026-09-03 03:11:16,4.81,4.69,7,5
2026-09-03 03:12:16,4.84,4.68,7,5
2026-09-03 03:13:16,4.87,4.64,7,5
2026-09-03 03:14:16,4.89,4.58,7,5
2026-09-03 03:15:16,4.89,4.51,7,5
2026-09-03 03:16:16,4.9,4.39,7,5
2026-09-03 03:17:16,4.9,4.25,7,5
2026-09-03 03:18:16,4.88,4.1,7,5
2026-09-03 03:19:16,4.85,3.91,6,5
2026-09-03 03:20:16,4.82,3.77,6,5
2026-09-03 03:21:16,4.78,3.58,6,5
2026-09-03 03:22:16,4.73,3.42,6,5
2026-09-03 03:23:16,4.68,3.22,6,5
2026-09-03 03:24:16,4.63,3.0,5,5
2026-09-03 03:25:16,4.58,2.79,5,5
2026-09-03 03:26:16,4.53,2.65,5,5
2026-09-03 03:27:16,4.48,2.58,4,5
2026-09-03 03:28:16,4.43,2.55,3,5
2026-09-03 03:29:16,4.39,2.57,3,5
2026-09-03 03:30:16,4.35,2.63,3,5
2026-09-03 03:31:16,4.32,2.69,3,5
2026-09-03 03:32:16,4.29,2.78,3,5
2026-09-03 03:33:16,4.26,2.85,3,5
2026-09-03 03:34:16,4.24,2.94,3,5
2026-09-03 03:35:16,4.23,3.01,3,5
2026-09-03 03:36:16,4.22,3.08,3,5
2026-09-03 03:37:16,4.21,3.14,3,5
2026-09-03 03:38:16,4.21,3.2,3,5
2026-09-03 03:39:16,4.2,3.23,4,5
2026-09-03 03:40:16,4.2,3.3,4,5
2026-09-03 03:41:16,4.21,3.35,4,5
2026-09-03 03:42:16,4.21,3.4,4,5
2026-09-03 03:43:16,4.22,3.42,4,5
2026-09-03 03:44:16,4.23,3.46,4,5
2026-09-03 03:45:16,4.24,3.51,5,5
2026-09-03 03:46:16,4.25,3.54,5,5
2026-09-03 03:47:16,4.26,3.58,5,5
2026-09-03 03:48:16,4.27,3.62,5,5
2026-09-03 03:49:16,4.29,3.66,5,5
2026-09-03 03:50:16,4.3,3.72,5,5
2026-09-03 03:51:16,4.32,3.78,5,5
2026-09-03 03:52:16,4.34,3.81,5,5
2026-09-03 03:53:16,4.35,3.87,6,5
2026-09-03 03:54:16,4.37,3.9,6,5
2026-09-03 03:55:16,4.39,3.94,6,5
2026-09-03 03:56:16,4.42,3.98,6,5
2026-09-03 03:57:16,4.44,4.02,6,5
2026-09-03 03:58:16,4.46,4.08,6,5
2026-09-03 03:59:16,4.48,4.12,6,5
2026-09-03 04:00:16,4.5,4.16,6,5
2026-09-03 04:01:16,4.53,4.2,6,5
2026-09-03 04:02:16,4.56,4.26,6,5
2026-09-03 04:03:16,4.58,4.3,6,5
2026-09-03 04:04:16,4.61,4.35,6,5
2026-09-03 04:05:16,4.64,4.38,6,5
2026-09-03 04:06:16,4.66,4.44,6,5
2026-09-03 04:07:16,4.69,4.48,7,5
2026-09-03 04:08:16,4.72,4.53,7,5
2026-09-03 04:09:16,4.75,4.52,7,5
2026-09-03 04:10:16,4.77,4.49,7,5
2026-09-03 04:11:16,4.79,4.43,6,5
2026-09-03 04:12:16,4.8,4.35,6,5
2026-09-03 04:13:16,4.8,4.27,6,5
2026-09-03 04:14:16,4.8,4.17,6,5
2026-09-03 04:15:16,4.79,4.0,6,5
2026-09-03 04:16:16,4.77,3.83,6,5
2026-09-03 04:17:16,4.74,3.65,6,5
2026-09-03 04:18:16,4.71,3.49,6,5
2026-09-03 04:19:16,4.67,3.3,6,5
2026-09-03 04:20:16,4.63,3.11,6,5
2026-09-03 04:21:16,4.59,2.88,5,5
2026-09-03 04:22:16,4.54,2.69,5,5
2026-09-03 04:23:16,4.5,2.59,5,5
2026-09-03 04:24:16,4.46,2.54,4,5
2026-09-03 04:25:16,4.42,2.53,3,5
2026-09-03 04:26:16,4.38,2.56,3,5
2026-09-03 04:27:16,4.36,2.63,3,5
2026-09-03 04:28:16,4.33,2.7,3,5
2026-09-03 04:29:16,4.31,2.77,3,5
2026-09-03 04:30:16,4.29,2.86,3,5
2026-09-03 04:31:16,4.27,2.94,3,5
2026-09-03 04:32:16,4.26,3.02,3,5
2026-09-03 04:33:16,4.25,3.09,3,5
2026-09-03 04:34:16,4.25,3.15,3,5
2026-09-03 04:35:16,4.24,3.21,3,5
2026-09-03 04:36:16,4.24,3.26,4,5
2026-09-03 04:37:16,4.24,3.31,4,5
2026-09-03 04:38:16,4.25,3.37,4,5
2026-09-03 04:39:16,4.25,3.41,4,5
2026-09-03 04:40:16,4.26,3.45,4,5
2026-09-03 04:41:16,4.27,3.48,5,5
2026-09-03 04:42:16,4.28,3.51,5,5
2026-09-03 04:43:16,4.29,3.56,5,5
2026-09-03 04:44:16,4.3,3.59,5,5
2026-09-03 04:45:16,4.31,3.64,5,5
2026-09-03 04:46:16,4.32,3.67,5,5
2026-09-03 04:47:16,4.33,3.74,5,5
2026-09-03 04:48:16,4.35,3.78,5,5
2026-09-03 04:49:16,4.36,3.83,5,5
2026-09-03 04:50:16,4.38,3.86,6,5
2026-09-03 04:51:16,4.4,3.9,6,5
2026-09-03 04:52:16,4.42,3.94,6,5
2026-09-03 04:53:16,4.44,3.98,6,5
2026-09-03 04:54:16,4.46,4.01,6,5
2026-09-03 04:55:16,4.48,4.07,6,5
2026-09-03 04:56:16,4.5,4.11,6,5
2026-09-03 04:57:16,4.52,4.15,6,5
2026-09-03 04:58:16,4.55,4.19,6,5
2026-09-03 04:59:16,4.57,4.26,6,5
2026-09-03 05:00:16,4.6,4.3,6,5
2026-09-03 05:01:16,4.62,4.33,6,5
2026-09-03 05:02:16,4.65,4.39,6,5
2026-09-03 05:03:16,4.68,4.44,6,5
2026-09-03 05:04:16,4.7,4.48,6,5
2026-09-03 05:05:16,4.73,4.54,6,5
2026-09-03 05:06:16,4.76,4.59,6,5
2026-09-03 05:07:16,4.79,4.65,7,5
2026-09-03 05:08:16,4.83,4.69,7,5
2026-09-03 05:09:16,4.85,4.69,7,5
2026-09-03 05:10:16,4.88,4.68,7,5
2026-09-03 05:11:16,4.9,4.63,7,5
2026-09-03 05:12:17,4.91,4.56,7,5
2026-09-03 05:13:17,4.92,4.47,7,5
2026-09-03 05:14:17,4.92,4.35,7,5
2026-09-03 05:15:17,4.9,4.2,6,5
2026-09-03 05:16:17,4.88,4.0,6,5
2026-09-03 05:17:17,4.85,3.86,6,5
2026-09-03 05:18:17,4.81,3.66,6,5
2026-09-03 05:19:17,4.77,3.47,6,5
2026-09-03 05:20:17,4.73,3.26,6,5
2026-09-03 05:21:17,4.69,3.06,6,5
2026-09-03 05:22:17,4.64,2.85,5,5
2026-09-03 05:23:17,4.6,2.69,5,5
2026-09-03 05:24:17,4.55,2.6,4,5
2026-09-03 05:25:17,4.51,2.58,3,5
2026-09-03 05:26:17,4.48,2.6,3,5
2026-09-03 05:27:17,4.44,2.66,3,5
2026-09-03 05:28:17,4.41,2.72,3,5
2026-09-03 05:29:17,4.39,2.81,3,5
2026-09-03 05:30:17,4.37,2.88,3,5
2026-09-03 05:31:17,4.35,2.96,3,5
2026-09-03 05:32:17,4.33,3.06,3,5
2026-09-03 05:33:17,4.32,3.11,3,5
2026-09-03 05:34:17,4.31,3.17,3,5
2026-09-03 05:35:17,4.31,3.23,3,5
2026-09-03 05:36:17,4.31,3.3,3,5
2026-09-03 05:37:17,4.3,3.35,4,5
2026-09-03 05:38:17,4.31,3.39,4,5
2026-09-03 05:39:17,4.31,3.42,4,5
2026-09-03 05:40:17,4.32,3.46,4,5
2026-09-03 05:41:17,4.32,3.5,4,5
2026-09-03 05:42:17,4.33,3.54,5,5
2026-09-03 05:43:17,4.34,3.57,5,5
2026-09-03 05:44:17,4.34,3.6,5,5
2026-09-03 05:45:17,4.35,3.66,5,5
2026-09-03 05:46:17,4.37,3.71,5,5
2026-09-03 05:47:17,4.38,3.76,5,5
2026-09-03 05:48:17,4.39,3.79,5,5
2026-09-03 05:49:17,4.41,3.84,5,5
2026-09-03 05:50:17,4.42,3.87,6,5
2026-09-03 05:51:17,4.44,3.91,6,5
2026-09-03 05:52:17,4.46,3.96,6,5
2026-09-03 05:53:17,4.48,3.99,6,5
2026-09-03 05:54:17,4.49,4.02,6,5
2026-09-03 05:55:17,4.52,4.06,6,5
2026-09-03 05:56:17,4.54,4.1,6,5
2026-09-03 05:57:17,4.56,4.16,6,5
2026-09-03 05:58:17,4.58,4.19,6,5
2026-09-03 05:59:17,4.6,4.24,6,5
2026-09-03 06:00:17,4.63,4.29,6,5
2026-09-03 06:01:17,4.65,4.32,6,5
2026-09-03 06:02:17,4.68,4.39,6,5
2026-09-03 06:03:17,4.7,4.43,6,5
2026-09-03 06:04:17,4.73,4.48,6,5
2026-09-03 06:05:17,4.76,4.55,7,5
2026-09-03 06:06:17,4.78,4.57,7,5
2026-09-03 06:07:17,4.81,4.57,7,5
2026-09-03 06:08:17,4.83,4.52,7,5
2026-09-03 06:09:17,4.85,4.47,7,5
2026-09-03 06:10:17,4.86,4.4,7,5
2026-09-03 06:11:17,4.86,4.31,6,5
2026-09-03 06:12:17,4.86,4.18,6,5
2026-09-03 06:13:17,4.85,4.02,6,5
2026-09-03 06:14:17,4.82,3.85,6,5
2026-09-03 06:15:17,4.79,3.68,6,5
2026-09-03 06:16:17,4.76,3.52,6,5
2026-09-03 06:17:17,4.72,3.37,6,5
2026-09-03 06:18:17,4.67,3.16,6,5
2026-09-03 06:19:17,4.61,2.93,5,5
2026-09-03 06:20:17,4.56,2.73,5,5
2026-09-03 06:21:17,4.51,2.65,4,5
2026-09-03 06:22:17,4.47,2.62,4,5
2026-09-03 06:23:17,4.43,2.63,3,5
2026-09-03 06:24:17,4.4,2.67,3,5
2026-09-03 06:25:17,4.37,2.73,3,5
2026-09-03 06:26:17,4.34,2.8,3,5
2026-09-03 06:27:17,4.32,2.89,3,5
2026-09-03 06:28:17,4.3,2.96,3,5
2026-09-03 06:29:17,4.29,3.05,3,5
2026-09-03 06:30:17,4.28,3.12,3,5
2026-09-03 06:31:17,4.27,3.17,3,5
2026-09-03 06:32:17,4.27,3.22,3,5
2026-09-03 06:33:17,4.27,3.29,3,5
2026-09-03 06:34:17,4.27,3.32,4,5
2026-09-03 06:35:17,4.27,3.38,4,5
2026-09-03 06:36:17,4.27,3.41,4,5
2026-09-03 06:37:17,4.28,3.45,4,5
2026-09-03 06:38:17,4.29,3.49,4,5
2026-09-03 06:39:17,4.3,3.52,5,5
2026-09-03 06:40:17,4.31,3.56,5,5
2026-09-03 06:41:17,4.32,3.61,5,5
2026-09-03 06:42:17,4.33,3.64,5,5
2026-09-03 06:43:17,4.34,3.71,5,5
2026-09-03 06:44:17,4.35,3.74,5,5
2026-09-03 06:45:17,4.37,3.78,5,5
2026-09-03 06:46:17,4.38,3.82,5,5
2026-09-03 06:47:17,4.4,3.87,6,5
2026-09-03 06:48:17,4.42,3.89,6,5
2026-09-03 06:49:17,4.43,3.93,6,5
2026-09-03 06:50:17,4.45,3.96,6,5
2026-09-03 06:51:17,4.47,4.0,6,5
2026-09-03 06:52:17,4.49,4.07,6,5
2026-09-03 06:53:17,4.52,4.11,6,5
2026-09-03 06:54:17,4.54,4.14,6,5
2026-09-03 06:55:17,4.56,4.19,6,5
2026-09-03 06:56:17,4.59,4.24,6,5
2026-09-03 06:57:17,4.61,4.29,6,5
2026-09-03 06:58:17,4.64,4.33,6,5
2026-09-03 06:59:17,4.66,4.37,6,5
2026-09-03 07:00:17,4.69,4.44,6,5
2026-09-03 07:01:17,4.71,4.49,7,5
2026-09-03 07:02:17,4.74,4.53,7,5
2026-09-03 07:03:17,4.77,4.54,7,5
2026-09-03 07:04:17,4.79,4.53,7,5
2026-09-03 07:05:17,4.82,4.47,7,5
2026-09-03 07:06:17,4.83,4.42,7,5
2026-09-03 07:07:17,4.84,4.35,7,5
2026-09-03 07:08:17,4.84,4.25,6,5
2026-09-03 07:09:17,4.84,4.1,6,5
2026-09-03 07:10:17,4.82,3.93,6,5
2026-09-03 07:11:17,4.81,3.78,6,5
2026-09-03 07:12:17,4.78,3.61,6,5
2026-09-03 07:13:17,4.74,3.42,6,5
2026-09-03 07:14:17,4.7,3.21,6,5
2026-09-03 07:15:17,4.65,3.0,5,5
2026-09-03 07:16:17,4.61,2.8,5,5
2026-09-03 07:17:17,4.56,2.66,5,5
2026-09-03 07:18:17,4.51,2.6,4,5
2026-09-03 07:19:17,4.47,2.6,3,5
2026-09-03 07:20:17,4.44,2.63,3,5
2026-09-03 07:21:17,4.41,2.68,3,5
2026-09-03 07:22:17,4.38,2.74,3,5
2026-09-03 07:23:17,4.36,2.81,3,5
2026-09-03 07:24:17,4.34,2.9,3,5
2026-09-03 07:25:17,4.32,2.99,3,5
2026-09-03 07:26:17,4.31,3.04,3,5
2026-09-03 07:27:17,4.3,3.11,3,5
2026-09-03 07:28:17,4.29,3.19,3,5
2026-09-03 07:29:17,4.29,3.24,3,5
2026-09-03 07:30:17,4.29,3.28,4,5
2026-09-03 07:31:17,4.29,3.34,4,5
2026-09-03 07:32:17,4.29,3.38,4,5
2026-09-03 07:33:17,4.29,3.42,4,5
2026-09-03 07:34:17,4.3,3.46,4,5
2026-09-03 07:35:17,4.31,3.5,4,5
2026-09-03 07:36:17,4.32,3.53,5,5
2026-09-03 07:37:17,4.32,3.57,5,5
2026-09-03 07:38:17,4.33,3.62,5,5
2026-09-03 07:39:17,4.34,3.65,5,5
2026-09-03 07:40:17,4.36,3.71,5,5
2026-09-03 07:41:17,4.37,3.75,5,5
2026-09-03 07:42:17,4.38,3.8,5,5
2026-09-03 07:43:17,4.4,3.83,5,5
2026-09-03 07:44:17,4.42,3.87,6,5
2026-09-03 07:45:17,4.43,3.91,6,5
2026-09-03 07:46:17,4.45,3.95,6,5
2026-09-03 07:47:17,4.47,3.97,6,5
2026-09-03 07:48:17,4.49,4.0,6,5
2026-09-03 07:49:17,4.51,4.07,6,5
2026-09-03 07:50:17,4.53,4.12,6,5
2026-09-03 07:51:17,4.55,4.15,6,5
2026-09-03 07:52:17,4.58,4.19,6,5
2026-09-03 07:53:17,4.6,4.23,6,5
2026-09-03 07:54:17,4.63,4.29,6,5
2026-09-03 07:55:17,4.65,4.34,6,5
2026-09-03 07:56:17,4.68,4.42,6,5
2026-09-03 07:57:17,4.7,4.45,6,5
2026-09-03 07:58:17,4.73,4.52,7,5
2026-09-03 07:59:17,4.76,4.52,7,5
2026-09-03 08:00:17,4.78,4.52,7,5
2026-09-03 08:01:17,4.8,4.46,7,5
2026-09-03 08:02:17,4.82,4.4,7,5
2026-09-03 08:03:17,4.83,4.34,7,5
2026-09-03 08:04:17,4.83,4.26,6,5
2026-09-03 08:05:17,4.83,4.14,6,5
2026-09-03 08:06:17,4.81,3.96,6,5
2026-09-03 08:07:17,4.79,3.8,6,5
2026-09-03 08:08:17,4.77,3.61,6,5
2026-09-03 08:09:17,4.73,3.42,6,5
2026-09-03 08:10:17,4.7,3.22,6,5
2026-09-03 08:11:17,4.65,3.02,6,5
2026-09-03 08:12:17,4.61,2.85,5,5
2026-09-03 08:13:17,4.57,2.69,5,5
2026-09-03 08:14:17,4.52,2.62,4,5
2026-09-03 08:15:17,4.48,2.58,3,5
2026-09-03 08:16:17,4.44,2.6,3,5
2026-09-03 08:17:17,4.41,2.65,3,5
2026-09-03 08:18:17,4.38,2.7,3,5
2026-09-03 08:19:17,4.36,2.8,3,5
2026-09-03 08:20:17,4.34,2.86,3,5
2026-09-03 08:21:17,4.32,2.93,3,5
2026-09-03 08:22:17,4.31,3.02,3,5
2026-09-03 08:23:17,4.29,3.08,3,5
2026-09-03 08:24:17,4.29,3.13,3,5
2026-09-03 08:25:17,4.28,3.2,3,5
2026-09-03 08:26:17,4.28,3.25,3,5
2026-09-03 08:27:17,4.28,3.31,4,5
2026-09-03 08:28:17,4.28,3.36,4,5
2026-09-03 08:29:17,4.28,3.39,4,5
2026-09-03 08:30:17,4.29,3.42,4,5
2026-09-03 08:31:17,4.29,3.47,4,5
2026-09-03 08:32:17,4.3,3.51,5,5
2026-09-03 08:33:17,4.31,3.56,5,5
2026-09-03 08:34:17,4.32,3.59,5,5
2026-09-03 08:35:17,4.33,3.63,5,5
2026-09-03 08:36:17,4.34,3.67,5,5
2026-09-03 08:37:17,4.35,3.73,5,5
2026-09-03 08:38:17,4.37,3.78,5,5
2026-09-03 08:39:17,4.38,3.81,5,5
2026-09-03 08:40:17,4.4,3.85,6,5
2026-09-03 08:41:17,4.42,3.9,6,5
2026-09-03 08:42:17,4.44,3.94,6,5
2026-09-03 08:43:17,4.45,3.97,6,5
2026-09-03 08:44:17,4.48,4.0,6,5
2026-09-03 08:45:17,4.5,4.04,6,5
2026-09-03 08:46:17,4.52,4.09,6,5
2026-09-03 08:47:17,4.54,4.14,6,5
2026-09-03 08:48:17,4.56,4.18,6,5
2026-09-03 08:49:17,4.59,4.23,6,5
2026-09-03 08:50:17,4.61,4.28,6,5
2026-09-03 08:51:17,4.64,4.33,6,5
2026-09-03 08:52:17,4.66,4.36,6,5
2026-09-03 08:53:17,4.69,4.43,6,5
2026-09-03 08:54:17,4.72,4.48,6,5
2026-09-03 08:55:17,4.75,4.54,6,5
2026-09-03 08:56:17,4.78,4.58,6,5
2026-09-03 08:57:17,4.81,4.63,7,5
2026-09-03 08:58:17,4.84,4.67,7,5
2026-09-03 08:59:17,4.86,4.68,7,5
2026-09-03 09:00:17,4.89,4.65,7,5
2026-09-03 09:01:17,4.9,4.59,7,5
2026-09-03 09:02:17,4.92,4.51,7,5
2026-09-03 09:03:17,4.92,4.39,7,5
2026-09-03 09:04:17,4.92,4.28,7,5
2026-09-03 09:05:17,4.91,4.12,6,5
2026-09-03 09:06:17,4.89,3.94,6,5
2026-09-03 09:07:17,4.86,3.78,6,5
2026-09-03 09:08:17,4.83,3.57,6,5
2026-09-03 09:09:17,4.79,3.4,6,5
2026-09-03 09:10:17,4.74,3.23,6,5
2026-09-03 09:11:17,4.7,3.05,5,5
2026-09-03 09:12:17,4.65,2.86,5,5
2026-09-03 09:13:17,4.61,2.73,4,5
2026-09-03 09:14:17,4.57,2.67,4,5
2026-09-03 09:15:17,4.53,2.65,3,5
2026-09-03 09:16:17,4.49,2.67,3,5
2026-09-03 09:17:17,4.46,2.71,3,5
2026-09-03 09:18:17,4.44,2.78,3,5
2026-09-03 09:19:17,4.42,2.86,3,5
2026-09-03 09:20:17,4.4,2.94,3,5
2026-09-03 09:21:17,4.38,3.03,3,5
2026-09-03 09:22:17,4.37,3.1,3,5
2026-09-03 09:23:17,4.36,3.16,3,5
2026-09-03 09:24:17,4.35,3.22,3,5
2026-09-03 09:25:17,4.35,3.28,3,5
2026-09-03 09:26:17,4.34,3.32,4,5
2026-09-03 09:27:17,4.34,3.37,4,5
2026-09-03 09:28:17,4.35,3.42,4,5
2026-09-03 09:29:17,4.35,3.46,4,5
2026-09-03 09:30:17,4.35,3.5,4,5
2026-09-03 09:31:17,4.36,3.52,4,5
2026-09-03 09:32:17,4.37,3.57,5,5
2026-09-03 09:33:17,4.37,3.6,5,5
2026-09-03 09:34:17,4.38,3.64,5,5
2026-09-03 09:35:17,4.39,3.7,5,5
2026-09-03 09:36:17,4.4,3.76,5,5
2026-09-03 09:37:17,4.42,3.79,5,5
2026-09-03 09:38:17,4.43,3.83,5,5
2026-09-03 09:39:17,4.45,3.86,6,5
2026-09-03 09:40:17,4.46,3.9,6,5
2026-09-03 09:41:17,4.48,3.94,6,5
2026-09-03 09:42:17,4.5,3.99,6,5
2026-09-03 09:43:17,4.51,4.04,6,5
2026-09-03 09:44:17,4.53,4.07,6,5
2026-09-03 09:45:17,4.55,4.12,6,5
2026-09-03 09:46:17,4.57,4.15,6,5
2026-09-03 09:47:17,4.6,4.2,6,5
2026-09-03 09:48:17,4.62,4.24,6,5
2026-09-03 09:49:17,4.64,4.29,6,5
2026-09-03 09:50:17,4.67,4.35,6,5
2026-09-03 09:51:17,4.7,4.39,6,5
2026-09-03 09:52:17,4.72,4.45,6,5
2026-09-03 09:53:17,4.75,4.52,6,5
2026-09-03 09:54:17,4.77,4.56,7,5
2026-09-03 09:55:17,4.8,4.56,7,5
2026-09-03 09:56:17,4.82,4.54,7,5
2026-09-03 09:57:17,4.84,4.49,7,5
2026-09-03 09:58:17,4.86,4.44,7,5
2026-09-03 09:59:17,4.87,4.36,7,5
2026-09-03 10:00:17,4.87,4.27,6,5
2026-09-03 10:01:17,4.86,4.12,6,5
2026-09-03 10:02:17,4.85,3.94,6,5
2026-09-03 10:03:17,4.82,3.77,6,5
2026-09-03 10:04:17,4.79,3.58,6,5
2026-09-03 10:05:17,4.75,3.39,6,5
2026-09-03 10:06:17,4.71,3.19,6,5
2026-09-03 10:07:17,4.67,3.0,5,5
2026-09-03 10:08:17,4.63,2.82,5,5
2026-09-03 10:09:17,4.58,2.69,5,5
2026-09-03 10:10:17,4.54,2.64,4,5
2026-09-03 10:11:17,4.51,2.63,3,5
2026-09-03 10:12:17,4.47,2.65,3,5
2026-09-03 10:13:17,4.44,2.71,3,5
2026-09-03 10:14:17,4.42,2.78,3,5
2026-09-03 10:15:17,4.39,2.86,3,5
2026-09-03 10:16:17,4.37,2.94,3,5
2026-09-03 10:17:17,4.36,3.03,3,5
2026-09-03 10:18:17,4.34,3.08,3,5
2026-09-03 10:19:17,4.33,3.17,3,5
2026-09-03 10:20:17,4.33,3.22,3,5
2026-09-03 10:21:17,4.32,3.26,3,5
2026-09-03 10:22:17,4.32,3.32,4,5
2026-09-03 10:23:17,4.32,3.38,4,5
2026-09-03 10:24:17,4.32,3.42,4,5
2026-09-03 10:25:17,4.33,3.47,4,5
2026-09-03 10:26:17,4.33,3.49,4,5
2026-09-03 10:27:17,4.34,3.54,5,5
2026-09-03 10:28:17,4.35,3.58,5,5
2026-09-03 10:29:17,4.36,3.61,5,5
2026-09-03 10:30:17,4.36,3.64,5,5
2026-09-03 10:31:17,4.37,3.71,5,5
2026-09-03 10:32:17,4.39,3.75,5,5
2026-09-03 10:33:17,4.4,3.79,5,5
2026-09-03 10:34:17,4.41,3.84,5,5
2026-09-03 10:35:17,4.43,3.88,6,5
2026-09-03 10:36:17,4.45,3.91,6,5
2026-09-03 10:37:17,4.46,3.95,6,5
2026-09-03 10:38:17,4.48,3.98,6,5
2026-09-03 10:39:17,4.5,4.03,6,5
2026-09-03 10:40:17,4.52,4.07,6,5
2026-09-03 10:41:17,4.54,4.12,6,5
2026-09-03 10:42:17,4.56,4.16,6,5
2026-09-03 10:43:17,4.59,4.21,6,5
2026-09-03 10:44:17,4.61,4.25,6,5
2026-09-03 10:45:17,4.64,4.31,6,5
2026-09-03 10:46:17,4.66,4.35,6,5
2026-09-03 10:47:17,4.69,4.4,6,5
2026-09-03 10:48:17,4.71,4.46,6,5
2026-09-03 10:49:17,4.74,4.52,6,5
2026-09-03 10:50:17,4.77,4.57,6,5
2026-09-03 10:51:17,4.8,4.62,6,5
2026-09-03 10:52:18,4.83,4.67,6,5
2026-09-03 10:53:18,4.86,4.71,7,5
2026-09-03 10:54:18,4.89,4.73,7,5
2026-09-03 10:55:18,4.91,4.74,7,5
2026-09-03 10:56:18,4.94,4.7,7,5
2026-09-03 10:57:18,4.95,4.65,7,5
2026-09-03 10:58:18,4.97,4.56,7,5
2026-09-03 10:59:18,4.97,4.47,7,5
2026-09-03 11:00:18,4.97,4.33,7,5
2026-09-03 11:01:18,4.95,4.16,7,5
2026-09-03 11:02:18,4.93,3.97,6,5
2026-09-03 11:03:18,4.9,3.81,6,5
2026-09-03 11:04:18,4.86,3.61,6,5
